,Site Code,Site Name,Voltage (kV),Region
0,ABED,ABERARDER ONSHORE WIND FARM,33,shet
1,ABED,ABERARDER ONSHORE WIND FARM,132,shet
2,ABBA,ABERDEEN BAY WINDFARM,132,shet
3,ABNE,ABERNETHY,33,shet
4,ABNE,ABERNETHY,132,shet
5,ACHN,ACHANY ,132,shet
6,ACHR,A-CHRUACH WINDFARM,33,shet
7,ACHR,A-CHRUACH WINDFARM,132,shet
8,ACHR,A-CHRUACH WINDFARM,275,shet
9,AIGA,AIGAS HYDRO,132,shet
10,ALCE,ALCEMI SCORE BATTERY ENERGY STORAGE ,400,shet
11,ALNE,ALNESS GSP,33,shet
12,ALNE,ALNESS GSP,132,shet
13,ALTN,ALTNABREAC,33,shet
14,ALTN,ALTNABREAC,132,shet
15,ALYT,ALYTH,33,shet
16,ALYT,ALYTH,275,shet
17,ALYT,ALYTH,400,shet
18,AMUL,AMULREE,132,shet
19,ANSU,AN SUIDHE,33,shet
20,ANSU,AN SUIDHE,132,shet
21,ANSU,AN SUIDHE,275,shet
22,ARBR,ARBROATH,33,shet
23,ARBR,ARBROATH,132,shet
24,ARDK,ARDKINGLAS WIND,33,shet
25,ARDK,ARDKINGLAS WIND,132,shet
26,ARMO,ARDMORE,33,shet
27,ARMO,ARDMORE,132,shet
28,ARMA,ARMADALE	,33,shet
29,ARMA,ARMADALE	,132,shet
30,ARNI,ARNISH SUBSTATION,33,shet
31,ARNI,ARNISH SUBSTATION,132,shet
32,BAGP,BAILLIE GREENER GRID PARK,275,shet
33,BEAT,BEATRICE SUBSTATION,400,shet
34,BEAU,BEAULY,33,shet
35,BEAU,BEAULY,132,shet
36,BEAU,BEAULY,275,shet
37,BEAU,BEAULY,400,shet
38,BEWF,Beaw Field,33,shet
39,BEWF,Beaw Field,132,shet
40,BETH,BEINN THARSUINN WIND,33,shet
41,BETH,BEINN THARSUINN WIND,132,shet
42,BEIN,BEINNEUN WIND FARM,33,shet
43,BEIN,BEINNEUN WIND FARM,132,shet
44,BERB,BERRY BURN,33,shet
45,BERB,BERRY BURN,275,shet
46,BLEX,BHLARAIDH EXTENSION,33,shet
47,BLEX,BHLARAIDH EXTENSION,132,shet
48,BHLA,BHLARAIDH WIND FARM,33,shet
49,BHLA,BHLARAIDH WIND FARM,132,shet
50,BIHI,BIRKHILL,132,shet
51,BLHI,BLACKHILLOCK,33,shet
52,BLHI,BLACKHILLOCK,132,shet
53,BLHI,BLACKHILLOCK,275,shet
54,BLHI,BLACKHILLOCK,400,shet
55,BLHS,BLACKHILLOCK SOUTH,275,shet
56,BLGH,BLARGHOUR,33,shet
57,BLGH,BLARGHOUR,132,shet
58,BOAG,BOAT OF GARTEN,33,shet
59,BOAG,BOAT OF GARTEN,132,shet
60,BRCW,BRACO WEST,33,shet
61,BRCW,BRACO WEST,132,shet
62,BRCW,BRACO WEST,275,shet
63,BRCW,BRACO WEST,400,shet
64,BREC,BRECHIN,132,shet
65,BRID,BRIDGE OF DUN,33,shet
66,BRID,BRIDGE OF DUN,132,shet
67,BROA,BROADFORD,33,shet
68,BROA,BROADFORD,132,shet
69,BROR,BRORA,33,shet
70,BROR,BRORA,132,shet
71,BROR,BRORA,400,shet
72,BUMU,BURGHMUIR,33,shet
73,BUMU,BURGHMUIR,132,shet
74,CAID,Cairn Duhie Wind Farm,33,shet
75,CAID,Cairn Duhie Wind Farm,275,shet
76,CAIN,CAIRNFORD,33,shet
77,CAIN,CAIRNFORD,275,shet
78,CAAD,CARRADALE,33,shet
79,CAAD,CARRADALE,132,shet
80,CASS,CASSLEY,33,shet
81,CASS,CASSLEY,132,shet
82,CEAN,CEANNACROC,33,shet
83,CEAN,CEANNACROC,132,shet
84,CHAR,CHARLESTON,33,shet
85,CHAR,CHARLESTON,132,shet
86,CHLE,CHLEANSAID ,33,shet
87,CHLE,CHLEANSAID ,132,shet
88,CLAC,CLACHAN,33,shet
89,CLAC,CLACHAN,132,shet
90,CLGO,Clash Gour Wind Farm,33,shet
91,CLGO,Clash Gour Wind Farm,132,shet
92,CLGO,Clash Gour Wind Farm,275,shet
93,CLSO,CLASHINDARROCH WIND EXTENSION,33,shet
94,CLSO,CLASHINDARROCH WIND EXTENSION,132,shet
95,CLAY,CLAYHILLS,33,shet
96,CLAY,CLAYHILLS,132,shet
97,CLOI,CLOICHE WIND FARM,33,shet
98,CLOI,CLOICHE WIND FARM,132,shet
99,CLUN,CLUNIE,132,shet
100,CNBH,CNOC BUIDHE,33,shet
101,CNBH,CNOC BUIDHE,132,shet
102,COGL,COIRE GLAS PUMPED STORAGE,400,shet
103,CONN,CONNAGILL,33,shet
104,CONN,CONNAGILL,132,shet
105,CONN,CONNAGILL,275,shet
106,COGA,CORRIEGARTH WIND FARM,33,shet
107,COGA,CORRIEGARTH WIND FARM,132,shet
108,CORI,CORRIEMOILLIE,33,shet
109,CORI,CORRIEMOILLIE,132,shet
110,COST,Costa Head,33,shet
111,COUA,COUPAR ANGUS,33,shet
112,COUA,COUPAR ANGUS,132,shet
113,COUW,COUR WIND FARM,33,shet
114,CRAI,CRAIGIEBUCKLER,33,shet
115,CRAI,CRAIGIEBUCKLER,132,shet
116,CRDH,CREAG DHUBH,33,shet
117,CRDH,CREAG DHUBH,132,shet
118,CRDH,CREAG DHUBH,275,shet
119,CREA,CREAG RIABHACH WINDFARM,33,shet
120,CREA,CREAG RIABHACH WINDFARM,132,shet
121,CRSS,CROSSAIG,33,shet
122,CRSS,CROSSAIG,132,shet
123,CRSS,CROSSAIG,220,shet
124,CRSS,CROSSAIG,275,shet
125,CULL,CULLIGRAN,132,shet
126,CYGN,CYGNUS OFFSHORE WINDFARM WIND,400,shet
127,DLCH,DALCHORK,132,shet
128,DAAS,DALLAS SUBSTATION,33,shet
129,DAAS,DALLAS SUBSTATION,275,shet
130,DALB,DALMALLY BORDER NODE	,275,shet
131,DEAN,DEANIE,132,shet
132,DELL,DELL,33,shet
133,DELL,DELL,132,shet
134,DENS,DENSIDE,132,shet
135,DORE,DORENELL WIND FARM,33,shet
136,DORE,DORENELL WIND FARM,132,shet
137,DOUN,DOUNREAY,33,shet
138,DOUN,DOUNREAY,132,shet
139,DOUN,DOUNREAY,220,shet
140,DOUN,DOUNREAY,275,shet
141,DOUN,DOUNREAY,400,shet
142,DRUL,DRUIM LETHANN WIND FARM,33,shet
143,DRUL,DRUIM LETHANN WIND FARM,132,shet
144,DUDH,DUDHOPE,33,shet
145,DUDH,DUDHOPE,132,shet
146,DUBE,DUNBEATH,33,shet
147,DUBE,DUNBEATH,132,shet
148,DUBE,DUNBEATH,400,shet
149,DUNM,DUNMAGLASS,33,shet
150,DUNM,DUNMAGLASS,132,shet
151,DUCC,DUNMORE CABLE COMPOUND,132,shet
152,DUNO,DUNOON,33,shet
153,DUNO,DUNOON,132,shet
154,DUGR,DUNVEGAN GRID,33,shet
155,DUGR,DUNVEGAN GRID,132,shet
156,DYCE,DYCE,33,shet
157,DYCE,DYCE,132,shet
158,EARR,EARRAGHAIL,275,shet
159,EARR,EARRAGHAIL RED WIND,33,shet
160,EDIN,EDINBANE 132/33KV,33,shet
161,EDIN,EDINBANE 132/33KV,132,shet
162,ELCH,Elchies,33,shet
163,ELCH,Elchies,132,shet
164,ELGI,ELGIN,33,shet
165,ELGI,ELGIN,132,shet
166,ENEI,ENERGY ISLES WIND FARM,33,shet
167,ENEI,ENERGY ISLES WIND FARM,132,shet
168,EOLF,EOLFI OFFSHORE WIND,400,shet
169,ERRO,ERROCHTY,132,shet
170,FARI,FARIGAIG,33,shet
171,FARI,FARIGAIG,132,shet
172,FARI,FARIGAIG,275,shet
173,FAAR,FARR WINDFARM,33,shet
174,FAAR,FARR WINDFARM,132,shet
175,FASN,FASNAKYLE,33,shet
176,FASN,FASNAKYLE,132,shet
177,FASN,FASNAKYLE,275,shet
178,FASN,FASNAKYLE,400,shet
179,FASQ,FASQUE	,33,shet
180,FASQ,FASQUE	,132,shet
181,FERO,FERNOCH WIND,33,shet
182,FERO,FERNOCH WIND,132,shet
183,FETT,FETTERESSO,33,shet
184,FETT,FETTERESSO,132,shet
185,FETT,FETTERESSO,275,shet
186,FETT,FETTERESSO,400,shet
187,FIDD,FIDDES,33,shet
188,FIDD,FIDDES,132,shet
189,FINL,FINLARIG,132,shet
190,FOFO,FIRTH OF FORTH ONSHORE,275,shet
191,FOGG,FOGGIETON,132,shet
192,FAUG,FORT AUGUSTUS,33,shet
193,FAUG,FORT AUGUSTUS,132,shet
194,FAUG,FORT AUGUSTUS,275,shet
195,FAUG,FORT AUGUSTUS,400,shet
196,FWIL,FORT WILLIAM,33,shet
197,FWIL,FORT WILLIAM,132,shet
198,FOYE,FOYERS,275,shet
199,FRAS,FRASERBURGH,33,shet
200,FRAS,FRASERBURGH,132,shet
201,FYRI,FYRISH,33,shet
202,FYRI,FYRISH,132,shet
203,FYRI,FYRISH,275,shet
204,GILB,GILLS BAY SUBSTATION,132,shet
205,GLKO,GLEN KYLLACHY WIND FARM - ONSHORE,33,shet
206,GLKO,GLEN KYLLACHY WIND FARM - ONSHORE,132,shet
207,GLUE,GLEN ULLINISH EXTENSION,33,shet
208,GLUE,GLEN ULLINISH EXTENSION,132,shet
209,GLNU,GLEN ULLINISH WINDFARM,33,shet
210,GLNU,GLEN ULLINISH WINDFARM,132,shet
211,GLAG,GLENAGNES,132,shet
212,GLDO,GLENDOE SUBSTATION,132,shet
213,GLDY,GLENDYE,33,shet
214,GLDY,GLENDYE,132,shet
215,GLFA,GLENFARCLAS,33,shet
216,GLFA,GLENFARCLAS,132,shet
217,GLEN,GLENMORISTON,132,shet
218,GLSH,GLENSHERO WINDFARM,33,shet
219,GLSH,GLENSHERO WINDFARM,132,shet
220,GORW,GORDONBUSH WINDFARM,33,shet
221,GORW,GORDONBUSH WINDFARM,275,shet
222,GREM,GREMISTA,33,shet
223,GREM,GREMISTA,132,shet
224,GRIF,GRIFFIN WINDFARM (SSE),33,shet
225,GRIF,GRIFFIN WINDFARM (SSE),132,shet
226,GRUB,GRUDIE BRIDGE,33,shet
227,GRUB,GRUDIE BRIDGE,132,shet
228,HEST,Hesta Head,33,shet
229,HICL,High Constellation,33,shet
230,HICL,High Constellation,132,shet
231,HOME,HOLLANDMEY,33,shet
232,HOME,HOLLANDMEY,132,shet
233,INVE,INVERARAY,132,shet
234,INVR,INVERARNAN,33,shet
235,INVR,INVERARNAN,132,shet
236,INGA,INVERGARRY,33,shet
237,INGA,INVERGARRY,132,shet
238,INGA,INVERGARRY,400,shet
239,INNE,INVERNESS,33,shet
240,INNE,INVERNESS,132,shet
241,INRU,INVERUGIE,132,shet
242,KEIT,KEITH,33,shet
243,KEIT,KEITH,132,shet
244,KEIT,KEITH,275,shet
245,KERG,KERGORD,132,shet
246,KIIN,KILLIN,33,shet
247,KIIN,KILLIN,132,shet
248,KILC,KILLIN CASCADE GROUP,132,shet
249,KIOR,KILMORACK,132,shet
250,KINA,KINARDOCHY,275,shet
251,KINA,KINARDOCHY,400,shet
252,KINB,KINCARDINE BOUNDARY	,275,shet
253,KINB,KINCARDINE BOUNDARY	,400,shet
254,KILO,KINLOCHLEVEN,33,shet
255,KILO,KINLOCHLEVEN,132,shet
256,KINM,KINMUCK,275,shet
257,KINT,KINTORE,33,shet
258,KINT,KINTORE,132,shet
259,KINT,KINTORE,275,shet
260,KINT,KINTORE,400,shet
261,KTDL,KINTRADWELL,33,shet
262,KTDL,KINTRADWELL,132,shet
263,KTDL,KINTRADWELL,400,shet
264,KRKN,KIRKTON,132,shet
265,KRKN,KIRKTON ,33,shet
266,KNOC,KNOCKNAGAEL,33,shet
267,KNOC,KNOCKNAGAEL,132,shet
268,KNOC,KNOCKNAGAEL,275,shet
269,LAGG,LAGGAN,132,shet
270,LAIR,LAIRG,33,shet
271,LAIR,LAIRG,132,shet
272,LIMK,LIMEKILNS WINDFARM,33,shet
273,LIMK,LIMEKILNS WINDFARM,132,shet
274,LOCB,LOCH BUIDHE,33,shet
275,LOCB,LOCH BUIDHE,132,shet
276,LOCB,LOCH BUIDHE,275,shet
277,LOCB,LOCH BUIDHE,400,shet
278,LKEM,LOCH KEMP PUMPED STORAGE,275,shet
279,LOCL,LOCH LUNDIE,132,shet
280,LOCH,LOCHAY,132,shet
281,LUIC,LUICHART,132,shet
282,LUMB,LUMBS,132,shet
283,LUNA,LUNANHEAD,33,shet
284,LUNA,LUNANHEAD,132,shet
285,LUND,LUNDAVRA,132,shet
286,LYND,LYNDHURST,33,shet
287,LYND,LYNDHURST,132,shet
288,MACD,MACDUFF,33,shet
289,MACD,MACDUFF,132,shet
290,MELG,MELGARVE SUBSTATION,33,shet
291,MELG,MELGARVE SUBSTATION,132,shet
292,MELG,MELGARVE SUBSTATION,400,shet
293,MELV,MELVICH,33,shet
294,MELV,MELVICH,132,shet
295,MILW,MILLENIUM WIND,33,shet
296,MILW,MILLENIUM WIND,132,shet
297,MILS,MILLENNIUM SOUTH WINDFARM,33,shet
298,MILS,MILLENNIUM SOUTH WINDFARM,132,shet
299,MILC,MILTON OF CRAIGIE,33,shet
300,MILC,MILTON OF CRAIGIE,132,shet
301,MORF,MORAY EAST ONSHORE SUBSTATION,275,shet
302,MORF,MORAY EAST ONSHORE SUBSTATION,400,shet
303,MOSS,MOSSFORD,132,shet
304,MSHL,MOSSY HILL,33,shet
305,MSHL,MOSSY HILL,132,shet
306,MOTA,MOULTAIVE,132,shet
307,MUAI,MUAITHEBHEAL WIND FARM,33,shet
308,MUAI,MUAITHEBHEAL WIND FARM,132,shet
309,MYBS,MYBSTER,33,shet
310,MYBS,MYBSTER,132,shet
311,NAIR,NAIRN,33,shet
312,NAIR,NAIRN,132,shet
313,NANT,NANT (LOCH NANT),132,shet
314,NEDE,NEW DEER,275,shet
315,NEDE,NEW DEER,400,shet
316,NWGL,NORTH CONNECT (NORWEGIAN LINK 2),400,shet
317,NEOF,NORTH EAST OFFSHORE WIND,400,shet
318,NPIC,NPI C OFFSHORE WIND,132,shet
319,OFPH,OFFSHORE PROJECT H,275,shet
320,OFPN,OFFSHORE PROJECT N,400,shet
321,FINS,Orkney Finstown,33,shet
322,FINS,Orkney Finstown,132,shet
323,FINS,Orkney Finstown,220,shet
324,ORRI,ORRIN,33,shet
325,ORRI,ORRIN,132,shet
326,OWFD,OWF-100,66,shet
327,OWFD,OWF-100,132,shet
328,PERS,PERSLEY,33,shet
329,PERS,PERSLEY,132,shet
330,PERS,PERSLEY,275,shet
331,PEHE,PETERHEAD,33,shet
332,PEHE,PETERHEAD,132,shet
333,PEHE,PETERHEAD,275,shet
334,PEHE,PETERHEAD,400,shet
335,PEHG,PETERHEAD GRANGE,33,shet
336,PEHG,PETERHEAD GRANGE,132,shet
337,PORA,PORT ANN,33,shet
338,PORA,PORT ANN,132,shet
339,PORA,PORT ANN,275,shet
340,QUOI,QUOICH,132,shet
341,RANN,RANNOCH,33,shet
342,RANN,RANNOCH,132,shet
343,REJO,RED JOHN PSH STORAGE,275,shet
344,REDM,REDMOSS,33,shet
345,REDM,REDMOSS,132,shet
346,ROTI,ROTHIENORMAN,33,shet
347,ROTI,ROTHIENORMAN,132,shet
348,ROTI,ROTHIENORMAN,275,shet
349,ROTI,ROTHIENORMAN,400,shet
350,SALM,SALAMANDER OFFSHORE WIND FARM,132,shet
351,SALA,SALLACHY WIND FARM,33,shet
352,SALA,SALLACHY WIND FARM,132,shet
353,SHDM,SHEIRDRIM,33,shet
354,SHDM,SHEIRDRIM,132,shet
355,SHIN,SHIN,33,shet
356,SHIN,SHIN,132,shet
357,SHIN,SHIN,400,shet
358,SKCB,SKIPNESS AND CORRANBUIE,33,shet
359,SKCB,SKIPNESS AND CORRANBUIE,275,shet
360,SLKB,Slackbuie,132,shet
361,SLCK,SLICKLY WIND FARM,33,shet
362,SLCK,SLICKLY WIND FARM,132,shet
363,SLOY,SLOY,132,shet
364,YELL,SOUTH YELL SWITCHING STATION,132,shet
365,SPIT,SPITTAL,33,shet
366,SPIT,SPITTAL,132,shet
367,SPIT,SPITTAL,275,shet
368,SPIT,SPITTAL,400,shet
369,SSEO,SSE OFFSHORE 2 WIND,400,shet
370,SFER,ST FERGUS,132,shet
371,SFEG,ST FERGUS GAS TERMINAL,132,shet
372,SFEM,ST FERGUS MOBIL,132,shet
373,SFIL,ST FILLANS,132,shet
374,STWN,STORNOWAY WIND,33,shet
375,STWN,STORNOWAY WIND,132,shet
376,STRB,STRATH BRORA WIND,33,shet
377,STRB,STRATH BRORA WIND,275,shet
378,STRW,STRATHY WIND,33,shet
379,STRW,STRATHY WIND,132,shet
380,STRI,STRICHEN,33,shet
381,STRI,STRICHEN,132,shet
382,STRL,STRONELAIRG WIND FARM (SSE),33,shet
383,STRL,STRONELAIRG WIND FARM (SSE),132,shet
384,TNGF,TANGY IV	,33,shet
385,TNGF,TANGY IV	,132,shet
386,TARL,TARLAND,33,shet
387,TARL,TARLAND,132,shet
388,TAYN,TAYNUILT,33,shet
389,TAYN,TAYNUILT,132,shet
390,TEAL,TEALING,33,shet
391,TEAL,TEALING,132,shet
392,TEAL,TEALING,275,shet
393,TEAL,TEALING,400,shet
394,TEAS,TEALING STORAGE,33,shet
395,TEAS,TEALING STORAGE,132,shet
396,TEIN,TEINDLAND WIND FARM,33,shet
397,TEIN,TEINDLAND WIND FARM,132,shet
398,THUS,THURSO SOUTH,33,shet
399,THUS,THURSO SOUTH,132,shet
400,THUS,THURSO SOUTH,275,shet
401,TOMT,TOMATIN,33,shet
402,TOMT,TOMATIN,132,shet
403,TOMT,TOMATIN,275,shet
404,TUMM,TUMMEL,33,shet
405,TUMM,TUMMEL,132,shet
406,TUMM,TUMMEL,275,shet
407,TUMM,TUMMEL,400,shet
408,TUMB,TUMMEL BRIDGE,132,shet
409,VIKE,VIKING ENERGY WIND FARM,33,shet
410,WOKN,WEST OF ORKNEY,275,shet
411,WHRL,WHIRLWIND OFFSHORE WIND FARM WIND,400,shet
412,WHIB,WHITE BRIDGE,132,shet
413,WIOW,WILLOWDALE,33,shet
414,WIOW,WILLOWDALE,132,shet
415,WOHI,WOODHILL,33,shet
416,WOHI,WOODHILL,132,shet
417,AIKE,AIKENGALL,33,spt_
418,ANDE,ANDERSHAW,33,spt_
419,AREC,ARECLEOCH,132,spt_
420,AREC,ARECLEOCH,33,spt_
421,AREX,ARECLEOCH EXTENSION,132,spt_
422,AREX,ARECLEOCH EXTENSION,33,spt_
423,ARFO,ARTFIELD FOREST WF,33,spt_
424,ASVA,ASSEL VALLEY,33,spt_
425,AUCH,AUCHENCROSH,275,spt_
426,AUCW,AUCHENWYND,132,spt_
427,AYR-,AYR,275,spt_
428,AYR-,AYR,33,spt_
429,AYRS,AYRSHIRE GRID COLLECTOR,400,spt_
430,BAGA,BATHGATE,132,spt_
431,BAGA,BATHGATE,33,spt_
432,BAIN,BAINSFORD,132,spt_
433,BAIN,BAINSFORD,33,spt_
434,BENB,BENBRACK WIND FARM,132,spt_
435,BENB,BENBRACK WIND FARM,33,spt_
436,BERW,BERWICK,132,spt_
437,BERW,BERWICK,33,spt_
438,BLAH,BLACKHILL,132,spt_
439,BLAH,BLACKHILL,33,spt_
440,BLCW,BLACKCRAIG,132,spt_
441,BLCW,BLACKCRAIG,33,spt_
442,BLKL,BLACKLAW,132,spt_
443,BLKL,BLACKLAW,33,spt_
444,BLKS,BLACKCRAIG SOUTH,33,spt_
445,BLLX,BLACKLAW EXTENSION,132,spt_
446,BLLX,BLACKLAW EXTENSION,33,spt_
447,BONB,BONNYBRIDGE BORDER NODE,400,spt_
448,BONB,BONNYBRIDGE BORDER NODE,275,spt_
449,BONN,BONNYBRIDGE,400,spt_
450,BONN,BONNYBRIDGE,275,spt_
451,BONN,BONNYBRIDGE,132,spt_
452,BONN,BONNYBRIDGE,33,spt_
453,BPGR,BP GRANGEMOUTH,33,spt_
454,BRAP,BRAEHEAD PARK,132,spt_
455,BRAP,BRAEHEAD PARK,33,spt_
456,BREE,BREEZY HILL,132,spt_
457,BRNX,BRANXTON,400,spt_
458,BROC,BROKEN CROSS,132,spt_
459,BROC,BROKEN CROSS,33,spt_
460,BROX,BROXBURN,132,spt_
461,BROX,BROXBURN,33,spt_
462,BUSB,BUSBY,275,spt_
463,CAFA,CARSFAD,132,spt_
464,CAFA,CARSFAD,11,spt_
465,CALD,CALDER WATER,33,spt_
466,CATY,CARNTYNE,132,spt_
467,CATY,CARNTYNE,33,spt_
468,CCSS,CUMBERHEAD COLLECTOR,132,spt_
469,CCSS,CUMBERHEAD COLLECTOR,33,spt_
470,CHAP,CHAPELCROSS,132,spt_
471,CHAP,CHAPELCROSS,33,spt_
472,CHAS,CHARLOTTE STREET,275,spt_
473,CHAS,CHARLOTTE STREET,33,spt_
474,CHMO,CHIRMORIE,132,spt_
475,CHMO,CHIRMORIE,33,spt_
476,CLAU,CLAUCHRIE,132,spt_
477,CLAU,CLAUCHRIE,33,spt_
478,CLFO,CLOICH FOREST,132,spt_
479,CLFO,CLOICH FOREST,33,spt_
480,CLYM,CLYDE'S MILL,400,spt_
481,CLYM,CLYDE'S MILL,275,spt_
482,CLYM,CLYDE'S MILL,33,spt_
483,CLYN,CLYDE NORTH,275,spt_
484,CLYN,CLYDE NORTH,33,spt_
485,CLYS,CLYDE SOUTH,275,spt_
486,CLYS,CLYDE SOUTH,33,spt_
487,COAB,COALBURN BATTERY STORAGE FACILITY,400,spt_
488,COAB,COALBURN BATTERY STORAGE FACILITY,33,spt_
489,COAL,COALBURN,400,spt_
490,COAL,COALBURN,132,spt_
491,COAL,COALBURN,33,spt_
492,COAN,COALBURN NORTH,400,spt_
493,COAT,COATBRIDGE,275,spt_
494,COAT,COATBRIDGE,33,spt_
495,COCK,COCKENZIE,400,spt_
496,COCK,COCKENZIE,275,spt_
497,COCK,COCKENZIE,33,spt_
498,COUS,COUSLAND,400,spt_
499,COYL,COYLTON,275,spt_
500,COYL,COYLTON,132,spt_
501,COYL,COYLTON,33,spt_
502,COYT,COYLTON TEE,132,spt_
503,COYW,COYLTON WEST,275,spt_
504,CRCK,CARRICK,275,spt_
505,CRCK,CARRICK,33,spt_
506,CRDY,CROSSDYKES,33,spt_
507,CROE,CROOKEDSTANE,33,spt_
508,CROO,CROOKSTON,132,spt_
509,CROO,CROOKSTON,33,spt_
510,CRUA,CRUACHAN,275,spt_
511,CRYR,CRYSTAL RIG,400,spt_
512,CRYR,CRYSTAL RIG,132,spt_
513,CRYR,CRYSTAL RIG,33,spt_
514,CULR,CULROSS,400,spt_
515,CULR,CULROSS,275,spt_
516,CUMB,CUMBERNAULD,132,spt_
517,CUMB,CUMBERNAULD,33,spt_
518,CUMH,CUMBERHEAD WF SUBSTATION,33,spt_
519,CUMW,CUMBERHEAD WEST,132,spt_
520,CUMW,CUMBERHEAD WEST,33,spt_
521,CUPA,CUPAR,132,spt_
522,CUPA,CUPAR,33,spt_
523,CURR,CURRIE,400,spt_
524,CURR,CURRIE,275,spt_
525,CURR,CURRIE,132,spt_
526,CURR,CURRIE,33,spt_
527,CURR,CURRIE,11,spt_
528,DAER,DAER WINDFARM,132,spt_
529,DAER,DAER WINDFARM,33,spt_
530,DALB,DALMALLY BORDER NODE,275,spt_
531,DALL,DALMALLY,275,spt_
532,DALM,DALMARNOCK,275,spt_
533,DALM,DALMARNOCK,132,spt_
534,DALM,DALMARNOCK,33,spt_
535,DALQ,DALQUHANDY,33,spt_
536,DALS,DALSWINTON,33,spt_
537,DENN,DENNY NORTH,400,spt_
538,DENN,DENNY NORTH,275,spt_
539,DENN,DENNY NORTH,132,spt_
540,DENN,DENNY NORTH,33,spt_
541,DESA,DERSALLOCH,132,spt_
542,DESA,DERSALLOCH,33,spt_
543,DEVM,DEVOL MOOR,400,spt_
544,DEVM,DEVOL MOOR,132,spt_
545,DEVM,DEVOL MOOR,33,spt_
546,DEVO,DEVONSIDE,132,spt_
547,DEVO,DEVONSIDE,33,spt_
548,DEWP,DEWAR PLACE,275,spt_
549,DEWP,DEWAR PLACE,33,spt_
550,DONO,DOUGLAS NORTH COLLECTOR,132,spt_
551,DONO,DOUGLAS NORTH COLLECTOR,33,spt_
552,DOWE,DOUGLAS WEST,33,spt_
553,DRCR,DRUMCROSS,132,spt_
554,DRCR,DRUMCROSS,33,spt_
555,DRUM,DRUMCHAPEL,275,spt_
556,DRUM,DRUMCHAPEL,33,spt_
557,DUMF,DUMFRIES,132,spt_
558,DUMF,DUMFRIES,33,spt_
559,DUNB,DUNBAR,132,spt_
560,DUNB,DUNBAR,33,spt_
561,DUNE,DUNLAW EXTENSION,132,spt_
562,DUNE,DUNLAW EXTENSION,33,spt_
563,DUNF,DUNFERMLINE,132,spt_
564,DUNF,DUNFERMLINE,33,spt_
565,DUNH,DUNHILL,132,spt_
566,DUNH,DUNHILL,33,spt_
567,DWEX,DOUGLAS WEST EXTENSION,33,spt_
568,EARB,EARLSBURN,33,spt_
569,EAST,EARLSTOUN,132,spt_
570,EAST,EARLSTOUN,11,spt_
571,ECCF,ECCLEFECHAN,132,spt_
572,ECCL,ECCLES,400,spt_
573,ECCL,ECCLES,132,spt_
574,ECCL,ECCLES,33,spt_
575,EERH,EASTERHOUSE,275,spt_
576,EERH,EASTERHOUSE,33,spt_
577,EKIL,EAST KILBRIDE,275,spt_
578,EKIL,EAST KILBRIDE,33,spt_
579,EKIS,EAST KILBRIDE SOUTH,275,spt_
580,EKIS,EAST KILBRIDE SOUTH,33,spt_
581,ELDE,ELDERSLIE,132,spt_
582,ELDE,ELDERSLIE,33,spt_
583,ELVA,ELVANFOOT,400,spt_
584,ELVA,ELVANFOOT,275,spt_
585,ELVA,ELVANFOOT,132,spt_
586,ELVA,ELVANFOOT,33,spt_
587,ELVN,ELVANFOOT NORTH 400KV,400,spt_
588,ENHI,ENOCH HILL WIND FARM,132,spt_
589,ENHI,ENOCH HILL WIND FARM,33,spt_
590,ERSK,ERSKINE,132,spt_
591,ERSK,ERSKINE,33,spt_
592,ESST,ESSENSIDE,132,spt_
593,EUCH,EUCHANHEAD,132,spt_
594,EUCH,EUCHANHEAD,33,spt_
595,EWEH,EWE HILL,132,spt_
596,EWEH,EWE HILL,33,spt_
597,EXON,EXXON MOBIL,33,spt_
598,FALL,FALLAGO,400,spt_
599,FALL,FALLAGO,33,spt_
600,FASI,FAW SIDE,132,spt_
601,FELL,FELL WIND FARM,132,spt_
602,FELL,FELL WIND FARM,33,spt_
603,FIGS,FIFE GRID SERVICES,275,spt_
604,FINN,FINNIESTON,132,spt_
605,FINN,FINNIESTON,33,spt_
606,GALA,GALASHIELS,132,spt_
607,GALA,GALASHIELS,33,spt_
608,GALN,GALA NORTH,400,spt_
609,GALN,GALA NORTH,132,spt_
610,GARB,GARELOCH BOUNDARY,132,spt_
611,GARE,GARELOCH,132,spt_
612,GAWH,GALAWHISTLE,132,spt_
613,GAWH,GALAWHISTLE,33,spt_
614,GBRN,GREENBURN,132,spt_
615,GHPS,GLENMUCKLOCH HYDRO PUMPED STORAGE,400,spt_
616,GHPS,GLENMUCKLOCH HYDRO PUMPED STORAGE,132,spt_
617,GHPS,GLENMUCKLOCH HYDRO PUMPED STORAGE,33,spt_
618,GIFF,GIFFNOCK,275,spt_
619,GIFF,GIFFNOCK,33,spt_
620,GLAP,GLEN APP,33,spt_
621,GLGL,GLENGLASS,132,spt_
622,GLGL,GLENGLASS,33,spt_
623,GLLE,GLENLEE,132,spt_
624,GLLE,GLENLEE,11,spt_
625,GLLU,GLENLUCE,132,spt_
626,GLLU,GLENLUCE,33,spt_
627,GLMU,GLENMUCKLOCH,33,spt_
628,GLNI,GLENNISTON,132,spt_
629,GLNI,GLENNISTON,33,spt_
630,GLRB,GLENROTHES BOUNDARY,400,spt_
631,GLRB,GLENROTHES BOUNDARY,275,spt_
632,GLRO,GLENROTHES,400,spt_
633,GLRO,GLENROTHES,275,spt_
634,GLRO,GLENROTHES,33,spt_
635,GLTA,GLENTAGGART WIND FARM,33,spt_
636,GNSH,GLENSHIMMEROCH,132,spt_
637,GNSH,GLENSHIMMEROCH,33,spt_
638,GORG,GORGIE,132,spt_
639,GORG,GORGIE,33,spt_
640,GOVA,GOVAN,132,spt_
641,GOVA,GOVAN,33,spt_
642,GRGR,GREENGAIRS WIND FARM,33,spt_
643,GRMO,GRANGEMOUTH,275,spt_
644,GRMO,GRANGEMOUTH,33,spt_
645,GRNA,GRETNA,400,spt_
646,GRNA,GRETNA,132,spt_
647,GRNA,GRETNA,33,spt_
648,HADH,HADYARD HILL,132,spt_
649,HADH,HADYARD HILL,33,spt_
650,HAGH,HAGSHAW HILL PHASE 2,33,spt_
651,HAGR,HAGGS ROAD,132,spt_
652,HAGR,HAGGS ROAD,33,spt_
653,HAHA,HAGSHAW HILL PHASE 1,33,spt_
654,HAKB,HARKER BORDER NODE,400,spt_
655,HAKB,HARKER BORDER NODE,132,spt_
656,HARB,HARBURN,400,spt_
657,HARE,HARESTANES,132,spt_
658,HARE,HARESTANES,33,spt_
659,HARH,HARBURN HEAD,33,spt_
660,HARR,HARTING RIG WIND FARM,33,spt_
661,HAWI,HAWICK,132,spt_
662,HAWI,HAWICK,33,spt_
663,HELE,HELENSBURGH,132,spt_
664,HELE,HELENSBURGH,33,spt_
665,HLND,HEATHLAND,400,spt_
666,HLND,HEATHLAND,132,spt_
667,HLND,HEATHLAND,33,spt_
668,HOLM,HOLM HILL,132,spt_
669,HORI,HOPSRIG COLLECTOR,132,spt_
670,HORI,HOPSRIG COLLECTOR,33,spt_
671,HRCR,HARE CRAIG,33,spt_
672,HUCR,HUNTERSTON CRYOBATTERY,400,spt_
673,HUCS,HUNTERSTON CONVERTER STATION,400,spt_
674,HUER,HUNTERSTON,400,spt_
675,HUER,HUNTERSTON,132,spt_
676,HUER,HUNTERSTON,33,spt_
677,HUNE,HUNTERSTON EAST,400,spt_
678,HUNE,HUNTERSTON EAST,132,spt_
679,HUNF,HUNTERSTON FARM,132,spt_
680,HUNF,HUNTERSTON FARM,33,spt_
681,HUNN,HUNTERSTON NORTH,400,spt_
682,HUNN,HUNTERSTON NORTH,220,spt_
683,HUNN,HUNTERSTON NORTH,33,spt_
684,INKE,INVERKEITHING,132,spt_
685,INKE,INVERKEITHING,33,spt_
686,INVB,INVERARNAN BORDER NODE,275,spt_
687,INVR,INVERARNAN,275,spt_
688,INWI,INNERWICK,132,spt_
689,JOHN,JOHNSTONE,132,spt_
690,JOHN,JOHNSTONE,33,spt_
691,JUNA,JUNCTION A,132,spt_
692,JUNB,JUNCTION B,132,spt_
693,JUNV,JUNCTION V,132,spt_
694,KAIM,KAIMES,275,spt_
695,KAIM,KAIMES,33,spt_
696,KEIH,KEITHSHILL,33,spt_
697,KENE,KENNOXHEAD WINDFARM EXTENSION,33,spt_
698,KENN,KENNOXHEAD,132,spt_
699,KENN,KENNOXHEAD,33,spt_
700,KEOO,KENDOON,132,spt_
701,KEOO,KENDOON,11,spt_
702,KIER,KILLERMONT,132,spt_
703,KIER,KILLERMONT,33,spt_
704,KILB,KILBOWIE,132,spt_
705,KILB,KILBOWIE,33,spt_
706,KILB,KILBOWIE,11,spt_
707,KILG,KILGALLIOCH,275,spt_
708,KILG,KILGALLIOCH,33,spt_
709,KILS,KILMARNOCK SOUTH,400,spt_
710,KILS,KILMARNOCK SOUTH,275,spt_
711,KILS,KILMARNOCK SOUTH,132,spt_
712,KILS,KILMARNOCK SOUTH,33,spt_
713,KILT,KILMARNOCK TOWN,275,spt_
714,KILT,KILMARNOCK TOWN,33,spt_
715,KILW,KILWINNING,132,spt_
716,KILW,KILWINNING,33,spt_
717,KINB,KINCARDINE BORDER NODE,400,spt_
718,KINC,KINCARDINE,400,spt_
719,KINC,KINCARDINE,275,spt_
720,KINC,KINCARDINE,33,spt_
721,KINN,KINCARDINE NORTH,400,spt_
722,KINN,KINCARDINE NORTH,275,spt_
723,KNCR,KNOCKCRONAL,33,spt_
724,KNOK,KNOCKODHAR,132,spt_
725,KNOK,KNOCKODHAR,33,spt_
726,KYPE,KYPE MUIR,132,spt_
727,KYPE,KYPE MUIR,33,spt_
728,LAMB,LAMBHILL,400,spt_
729,LAMB,LAMBHILL,275,spt_
730,LAMF,LAMFPR HILL,33,spt_
731,LEGO,LESMAHAGOW,132,spt_
732,LEGO,LESMAHAGOW,33,spt_
733,LETH,LETHANS,132,spt_
734,LETH,LETHANS,33,spt_
735,LEVE,LEVEN,132,spt_
736,LEVE,LEVEN,33,spt_
737,LEVT,LEVEN TEE,132,spt_
738,LING,LIVINGSTON,132,spt_
739,LING,LIVINGSTON,33,spt_
740,LINM,LINNMILL,132,spt_
741,LINM,LINNMILL,33,spt_
742,LNGB,LONGHILL BURN WF,33,spt_
743,LOAN,LONGANNET,275,spt_
744,LOGN,LOCHGOIN,33,spt_
745,LOPA,LONGPARK,33,spt_
746,LORG,LORG,132,spt_
747,LORG,LORG,33,spt_
748,MAHI,MARK HILL,275,spt_
749,MAHI,MARK HILL,132,spt_
750,MAHI,MARK HILL,33,spt_
751,MARM,MARSHALL MEADOWS,132,spt_
752,MAYB,MAYBOLE,132,spt_
753,MAYB,MAYBOLE,33,spt_
754,MAYT,MAYBOLE TEE,132,spt_
755,MEAD,MEADOWHEAD,132,spt_
756,MIDM,MIDDLE MUIR,132,spt_
757,MIDM,MIDDLE MUIR,33,spt_
758,MINN,MINNYGAP,33,spt_
759,MINS,MINSCA,33,spt_
760,MLRG,MILL RIG WIND FARM,33,spt_
761,MOFF,MOFFAT,400,spt_
762,MOFF,MOFFAT,132,spt_
763,MOFF,MOFFAT,33,spt_
764,MONQ,MONQUHILL,33,spt_
765,MOSH,MOSSMORRAN SHELL,132,spt_
766,MOSH,MOSSMORRAN SHELL,11,spt_
767,MOSM,MOSSMORRAN,400,spt_
768,MOSM,MOSSMORRAN,275,spt_
769,MOSM,MOSSMORRAN,132,spt_
770,MOSM,MOSSMORRAN,33,spt_
771,NEAR,NEWARTHILL,275,spt_
772,NEAR,NEWARTHILL,33,spt_
773,NECU,NEW CUMNOCK,275,spt_
774,NECU,NEW CUMNOCK,132,spt_
775,NECU,NEW CUMNOCK,33,spt_
776,NEIL,NEILSTON,400,spt_
777,NEIL,NEILSTON,275,spt_
778,NEIL,NEILSTON,132,spt_
779,NEIL,NEILSTON,33,spt_
780,NETS,NEWTON STEWART,132,spt_
781,NETS,NEWTON STEWART,33,spt_
782,NLEI,NORTH LOWTHER ENERGY INITIATIVE,132,spt_
783,NLEI,NORTH LOWTHER ENERGY INITIATIVE,33,spt_
784,NOKY,NORTH KYLE,132,spt_
785,NOKY,NORTH KYLE,33,spt_
786,OFOA,OLD FOREST OF AE,132,spt_
787,OFOA,OLD FOREST OF AE,33,spt_
788,OHLL,OVERHILL,132,spt_
789,OHLL,OVERHILL,33,spt_
790,PAIS,PAISLEY,132,spt_
791,PAIS,PAISLEY,33,spt_
792,PART,PARTICK,132,spt_
793,PART,PARTICK,33,spt_
794,PENC,PENCLOE,33,spt_
795,POGB,POGBIE,33,spt_
796,POLK,POLKEMMET,33,spt_
797,POOB,PORTOBELLO,275,spt_
798,POOB,PORTOBELLO,33,spt_
799,PORD,PORT DUNDAS,275,spt_
800,PORD,PORT DUNDAS,33,spt_
801,PRST,PRIESTGILL,33,spt_
802,QUAN,QUANTANS HILL,132,spt_
803,QUAN,QUANTANS HILL,33,spt_
804,RAVE,RAVENSCRAIG,33,spt_
805,REDH,REDHOUSE,132,spt_
806,REDH,REDHOUSE,33,spt_
807,REDS,REDSHAW,400,spt_
808,REDS,REDSHAW,132,spt_
809,REDS,REDSHAW,33,spt_
810,ROBP,ROTHES BIOPOWER,33,spt_
811,SACO,SALTCOATS,132,spt_
812,SACO,SALTCOATS,33,spt_
813,SAKN,SANDY KNOWE,132,spt_
814,SAKN,SANDY KNOWE,33,spt_
815,SANQ,SANQUHAR II WIND FARM,132,spt_
816,SANQ,SANQUHAR II WIND FARM,33,spt_
817,SANX,ST ANDREWS CROSS,132,spt_
818,SANX,ST ANDREWS CROSS,33,spt_
819,SCOP,SCOOP HILL WIND FARM,132,spt_
820,SHRG,SHEPHERDS RIG,132,spt_
821,SHRG,SHEPHERDS RIG,33,spt_
822,SHRU,SHRUBHILL,400,spt_
823,SHRU,SHRUBHILL,275,spt_
824,SHRU,SHRUBHILL,33,spt_
825,SIGH,SIGHTHILL,275,spt_
826,SIGH,SIGHTHILL,33,spt_
827,SMEA,SMEATON,400,spt_
828,SMEA,SMEATON,275,spt_
829,SMEA,SMEATON,132,spt_
830,SMEA,SMEATON,33,spt_
831,SNED,SNEDDON LAW,33,spt_
832,SNQR,SANQUHAR,33,spt_
833,SOKY,SOUTH KYLE,132,spt_
834,SOKY,SOUTH KYLE,33,spt_
835,SOLW,SOLWAY BANK,33,spt_
836,SPAV,SPANGO VALLEY,132,spt_
837,SPAV,SPANGO VALLEY,33,spt_
838,SPRB,SPIREBUSH,132,spt_
839,SPRB,SPIREBUSH,33,spt_
840,STCR,STEVEN'S CROFT,33,spt_
841,STHA,STRATHAVEN,400,spt_
842,STHA,STRATHAVEN,275,spt_
843,STHA,STRATHAVEN,33,spt_
844,STIR,STIRLING,132,spt_
845,STIR,STIRLING,33,spt_
846,STLE,STRATHLEVEN,132,spt_
847,STLE,STRATHLEVEN,33,spt_
848,STOC,STRANOCH WIND FARM,132,spt_
849,STOC,STRANOCH WIND FARM,33,spt_
850,STWB,STELLA WEST BORDER NODE,400,spt_
851,TELR,TELFORD ROAD,132,spt_
852,TELR,TELFORD ROAD,33,spt_
853,TODD,TODDLEBURN,33,spt_
854,TONG,TONGLAND,132,spt_
855,TONG,TONGLAND,33,spt_
856,TONG,TONGLAND,11,spt_
857,TORN,TORNESS,400,spt_
858,TORN,TORNESS,132,spt_
859,TRLO,TRALORG,33,spt_
860,TRSN,TROSTON,132,spt_
861,TRSN,TROSTON,33,spt_
862,TWEN,TWENTYSHILLING,33,spt_
863,WESE,WESTERDOD,132,spt_
864,WFIB,WESTFIELD BOUNDARY,400,spt_
865,WFIB,WESTFIELD BOUNDARY,275,spt_
866,WFIE,WESTFIELD,400,spt_
867,WFIE,WESTFIELD,275,spt_
868,WFIE,WESTFIELD,132,spt_
869,WFIE,WESTFIELD,33,spt_
870,WFIE,WESTFIELD,11,spt_
871,WGEO,WEST GEORGE STREET,275,spt_
872,WGEO,WEST GEORGE STREET,33,spt_
873,WHBR,WHITELAW BRAE,33,spt_
874,WHHO,WHITEHOUSE,275,spt_
875,WHHO,WHITEHOUSE,33,spt_
876,WHLL,WHITESIDE HILL,33,spt_
877,WHTB,WHISTLEFIELD BOUNDARY,132,spt_
878,WHTL,WHISTLEFIELD,132,spt_
879,WHTL,WHISTLEFIELD,33,spt_
880,WISH,WISHAW,400,spt_
881,WISH,WISHAW,275,spt_
882,WISH,WISHAW,132,spt_
883,WISH,WISHAW,33,spt_
884,WIYH,WINDYHILL,400,spt_
885,WIYH,WINDYHILL,275,spt_
886,WIYH,WINDYHILL,132,spt_
887,WIYH,WINDYHILL,33,spt_
888,WLEE,WHITELEE,275,spt_
889,WLEE,WHITELEE,33,spt_
890,WLER,WHITELEE REPOWERING,275,spt_
891,WLER,WHITELEE REPOWERING,33,spt_
892,WLEX,WHITELEE EXTENSION,275,spt_
893,WLEX,WHITELEE EXTENSION,33,spt_
894,WNDR,WINDY RIG,33,spt_
895,WNUK,WHITENEUK,132,spt_
896,WNUK,WHITENEUK,33,spt_
897,ABTH,ABERTHAW,132.0,nget
898,ABTH,ABERTHAW,275.0,nget
899,ABHA,ABHAM,132.0,nget
900,ABHA,ABHAM,400.0,nget
901,ALDW,ALDWARKE,33.0,nget
902,ALDW,ALDWARKE,275.0,nget
903,ALST,ALPHA STEEL,33.0,nget
904,ALVE,ALVERDISCOTT,132.0,nget
905,ALVE,ALVERDISCOTT,400.0,nget
906,AMEM,AMERSHAM MAIN,132.0,nget
907,AMEM,AMERSHAM MAIN,400.0,nget
908,AXMI,AXMINSTER,132.0,nget
909,AXMI,AXMINSTER,400.0,nget
910,BACT,BACTON,400.0,nget
911,BAGB,BAGLAN BAY,275.0,nget
912,BARK,BARKING,132.0,nget
913,BARK,BARKING,275.0,nget
914,BARK,BARKING,400.0,nget
915,BARW,BARKING WEST,33.0,nget
916,BEDD,BEDDINGTON,132.0,nget
917,BEDD,BEDDINGTON,275.0,nget
918,BEDD,BEDDINGTON,400.0,nget
919,BEDT,BEDDINGTON TEE,132.0,nget
920,BENR,BENGEWORTH ROAD,132.0,nget
921,BENR,BENGEWORTH ROAD,400.0,nget
922,BESW,BERKSWELL,132.0,nget
923,BESW,BERKSWELL,275.0,nget
924,BICF,BICKER FEN,132.0,nget
925,BICF,BICKER FEN,400.0,nget
926,BIRK,BIRKENHEAD,132.0,nget
927,BIRK,BIRKENHEAD,275.0,nget
928,BISW,BISHOPS WOOD,132.0,nget
929,BISW,BISHOPS WOOD,275.0,nget
930,BLYT,BLYTH,66.0,nget
931,BLYT,BLYTH,132.0,nget
932,BLYT,BLYTH,275.0,nget
933,BLYT,BLYTH,400.0,nget
934,BODE,BODELWYDDAN,400.0,nget
935,BOLN,BOLNEY,132.0,nget
936,BOLN,BOLNEY,400.0,nget
937,BOTW,BOTLEY WOOD,132.0,nget
938,BOTW,BOTLEY WOOD,400.0,nget
939,BRAW,BRADFORD WEST,132.0,nget
940,BRAW,BRADFORD WEST,275.0,nget
941,BRAW,BRADFORD WEST,400.0,nget
942,BRAI,BRAINTREE,132.0,nget
943,BRAI,BRAINTREE,400.0,nget
944,BRFO,BRAMFORD,132.0,nget
945,BRFO,BRAMFORD,400.0,nget
946,BRLE,BRAMLEY,132.0,nget
947,BRLE,BRAMLEY,400.0,nget
948,BRED,BREDBURY,132.0,nget
949,BRED,BREDBURY,275.0,nget
950,BRWA,BRIDGWATER,132.0,nget
951,BRWA,BRIDGWATER,275.0,nget
952,BRWA,BRIDGWATER,400.0,nget
953,BRIM,BRIMSDOWN,132.0,nget
954,BRIM,BRIMSDOWN,275.0,nget
955,BRIM,BRIMSDOWN,400.0,nget
956,BRIN,BRINSWORTH,275.0,nget
957,BRIN,BRINSWORTH,400.0,nget
958,BULL,BULLSLODGE,400.0,nget
959,BURW,BURWELL,132.0,nget
960,BURW,BURWELL,400.0,nget
961,BUSH,BUSHBURY,132.0,nget
962,BUSH,BUSHBURY,275.0,nget
963,BUST,BUSTLEHOLME,132.0,nget
964,BUST,BUSTLEHOLME,275.0,nget
965,BUST,BUSTLEHOLME,400.0,nget
966,CAML,CAMBLESFORTH,66.0,nget
967,CAMA,CAMBRIDGE ARMS,132.0,nget
968,CANT,CANTERBURY,132.0,nget
969,CANT,CANTERBURY,400.0,nget
970,CAPE,CAPENHURST,132.0,nget
971,CAPE,CAPENHURST,275.0,nget
972,CAPE,CAPENHURST,400.0,nget
973,CARE,CARDIFF EAST,132.0,nget
974,CARE,CARDIFF EAST,275.0,nget
975,CARR,CARRINGTON,132.0,nget
976,CARR,CARRINGTON,275.0,nget
977,CARR,CARRINGTON,400.0,nget
978,CEFC,CEFN CROES,132.0,nget
979,CELL,CELLARHEAD,132.0,nget
980,CELL,CELLARHEAD,400.0,nget
981,CHUE,CHAFFORD HUNDRED EAST,400.0,nget
982,CHSI,CHESSINGTON,132.0,nget
983,CHSI,CHESSINGTON,275.0,nget
984,CHTE,CHESTERFIELD,132.0,nget
985,CHTE,CHESTERFIELD,275.0,nget
986,CHTE,CHESTERFIELD,400.0,nget
987,CHIC,CHICKERELL,132.0,nget
988,CHIC,CHICKERELL,400.0,nget
989,CHIL,CHILLING,400.0,nget
990,CILF,CILFYNYDD,275.0,nget
991,CILF,CILFYNYDD,400.0,nget
992,CITR,CITYROAD,132.0,nget
993,CITR,CITYROAD,400.0,nget
994,CLTO,CLACTON,132.0,nget
995,CLEH,CLEVEHILL,400.0,nget
996,CONQ,CONNAHS QUAY,132.0,nget
997,CONQ,CONNAHS QUAY,400.0,nget
998,COSO,CORYTON SOUTH,400.0,nget
999,COTT,COTTAM,400.0,nget
1000,COVE,COVENTRY,132.0,nget
1001,COVE,COVENTRY,275.0,nget
1002,COWT,COWBRIDGE,275.0,nget
1003,COWL,COWLEY,132.0,nget
1004,COWL,COWLEY,400.0,nget
1005,CREB,CREYKE BECK,132.0,nget
1006,CREB,CREYKE BECK,275.0,nget
1007,CREB,CREYKE BECK,400.0,nget
1008,CULJ,CULHAM JET,400.0,nget
1009,DAIN,DAINES,400.0,nget
1010,DAMC,DAMHEAD CREEK,400.0,nget
1011,DIDC,DIDCOT,400.0,nget
1012,DINO,DINORWIG,400.0,nget
1013,DISS,DISS,400.0,nget
1014,DRAK,DRAKELOW,132.0,nget
1015,DRAK,DRAKELOW,275.0,nget
1016,DRAK,DRAKELOW,400.0,nget
1017,DRAX,DRAX,132.0,nget
1018,DRAX,DRAX,400.0,nget
1019,DUNG,DUNGENESS,275.0,nget
1020,DUNG,DUNGENESS,400.0,nget
1021,EALI,EALING,66.0,nget
1022,EALI,EALING,275.0,nget
1023,EACS,EAST ANGLIA COASTAL SUBSTATION,400.0,nget
1024,ECLA,EAST CLAYDON,132.0,nget
1025,ECLA,EAST CLAYDON,400.0,nget
1026,EASO,EATON SOCON,132.0,nget
1027,EASO,EATON SOCON,400.0,nget
1028,EGGB,EGGBOROUGH,400.0,nget
1029,ELLA,ELLAND,132.0,nget
1030,ELLA,ELLAND,275.0,nget
1031,ELST,ELSTREE,132.0,nget
1032,ELST,ELSTREE,275.0,nget
1033,ELST,ELSTREE,400.0,nget
1034,ENDE,ENDERBY,132.0,nget
1035,ENDE,ENDERBY,400.0,nget
1036,EXET,EXETER MAIN,132.0,nget
1037,EXET,EXETER MAIN,400.0,nget
1038,FAWL,FAWLEY,132.0,nget
1039,FAWL,FAWLEY,400.0,nget
1040,FECK,FECKENHAM,66.0,nget
1041,FECK,FECKENHAM,275.0,nget
1042,FECK,FECKENHAM,400.0,nget
1043,FENW,FENWICK TEE,400.0,nget
1044,FERR,FERRYBRIDGE,66.0,nget
1045,FERR,FERRYBRIDGE,132.0,nget
1046,FERR,FERRYBRIDGE,275.0,nget
1047,FERR,FERRYBRIDGE,400.0,nget
1048,FFES,FFESTINIOG,275.0,nget
1049,FIDF,FIDDLERS FERRY,132.0,nget
1050,FIDF,FIDDLERS FERRY,275.0,nget
1051,FLEE,FLEET,132.0,nget
1052,FLEE,FLEET,400.0,nget
1053,FLIB,FLINTSHIRE BRIDGE,400.0,nget
1054,FOUX,FOUR CROSSES,132.0,nget
1055,FOUX,FOUR CROSSES,400.0,nget
1056,FOUR,FOURSTONES,20.5,nget
1057,FOUR,FOURSTONES,33.0,nget
1058,FOUR,FOURSTONES,275.0,nget
1059,FRIS,FRISTON,400.0,nget
1060,FRIN,FRISTON NORTH,400.0,nget
1061,FROD,FRODSHAM,132.0,nget
1062,FROD,FRODSHAM,275.0,nget
1063,FROD,FRODSHAM,400.0,nget
1064,GART,GARFORTH TEE,400.0,nget
1065,GRAI,GRAIN,132.0,nget
1066,GRAI,GRAIN,400.0,nget
1067,GRAW,GRAIN WEST,400.0,nget
1068,GARF,GRAN FACH,132.0,nget
1069,GRAN,GRANGE,66.0,nget
1070,GRTO,GRANGETOWN,66.0,nget
1071,GREN,GRENDON,132.0,nget
1072,GREN,GRENDON,400.0,nget
1073,GRST,GREYSTONES,66.0,nget
1074,GRSA,GREYSTONES A,275.0,nget
1075,GRSB,GREYSTONES B,275.0,nget
1076,GRIW,GRIMSBY WEST,132.0,nget
1077,GRIW,GRIMSBY WEST,400.0,nget
1078,HACK,HACKNEY,66.0,nget
1079,HACK,HACKNEY,132.0,nget
1080,HACK,HACKNEY,275.0,nget
1081,HACK,HACKNEY,400.0,nget
1082,HAMB,HAMBLETON,400.0,nget
1083,HAMH,HAMSHALL,132.0,nget
1084,HAMH,HAMSHALL,275.0,nget
1085,HAMH,HAMSHALL,400.0,nget
1086,HARK,HARKER,132.0,nget
1087,HARK,HARKER,275.0,nget
1088,HARK,HARKER,400.0,nget
1089,HARG,HARKER GIS,132.0,nget
1090,HARG,HARKER GIS,400.0,nget
1091,HATL,HARTLEPOOL,275.0,nget
1092,HARM,HARTMOOR,66.0,nget
1093,HARM,HARTMOOR,275.0,nget
1094,HAWP,HAWTHORN PIT,66.0,nget
1095,HAWP,HAWTHORN PIT,275.0,nget
1096,HAWP,HAWTHORN PIT,400.0,nget
1097,HEDO,HEDON,275.0,nget
1098,HEND,HENDON,132.0,nget
1099,HEYS,HEYSHAM,132.0,nget
1100,HEYS,HEYSHAM,400.0,nget
1101,HIGM,HIGH MARNHAM,275.0,nget
1102,HIGM,HIGH MARNHAM,400.0,nget
1103,HIBU,HIGHBURY,400.0,nget
1104,HINP,HINKLEY POINT,275.0,nget
1105,HINP,HINKLEY POINT,400.0,nget
1106,HUMR,HUMBER REFINERY,33.0,nget
1107,HUMR,HUMBER REFINERY,400.0,nget
1108,HURS,HURST,132.0,nget
1109,HURS,HURST,275.0,nget
1110,HUTT,HUTTON,25.0,nget
1111,HUTT,HUTTON,132.0,nget
1112,HUTT,HUTTON,400.0,nget
1113,IMPP,IMPERIAL PARK,33.0,nget
1114,IMPP,IMPERIAL PARK,400.0,nget
1115,INCE,INCE,132.0,nget
1116,INDQ,INDIAN QUEENS,132.0,nget
1117,INDQ,INDIAN QUEENS,400.0,nget
1118,IROA,IRON ACTON,132.0,nget
1119,IROA,IRON ACTON,275.0,nget
1120,IRON,IRON BRIDGE,132.0,nget
1121,IRON,IRON BRIDGE,400.0,nget
1122,ISLI,ISLINGTON,132.0,nget
1123,IVER,IVER,66.0,nget
1124,IVER,IVER,132.0,nget
1125,IVER,IVER,275.0,nget
1126,IVER,IVER,400.0,nget
1127,JORD,JORDANTHORPE,33.0,nget
1128,JORD,JORDANTHORPE,275.0,nget
1129,KEAD,KEADBY,132.0,nget
1130,KEAD,KEADBY,400.0,nget
1131,KEAR,KEARSLEY,33.0,nget
1132,KEAR,KEARSLEY,132.0,nget
1133,KEAR,KEARSLEY,275.0,nget
1134,KEAR,KEARSLEY,400.0,nget
1135,KEMS,KEMSLEY,132.0,nget
1136,KEMS,KEMSLEY,400.0,nget
1137,KENG,KENSAL GREEN,400.0,nget
1138,KILL,KILLINGHOLME,400.0,nget
1139,KLYN,KINGS LYNN,400.0,nget
1140,KINO,KINGSNORTH,132.0,nget
1141,KINO,KINGSNORTH,400.0,nget
1142,KIBY,KIRKBY,132.0,nget
1143,KIBY,KIRKBY,275.0,nget
1144,KIRK,KIRKSTALL,132.0,nget
1145,KIRK,KIRKSTALL,275.0,nget
1146,KITW,KITWELL,132.0,nget
1147,KITW,KITWELL,275.0,nget
1148,KNAR,KNARESBOROUGH,132.0,nget
1149,KNAR,KNARESBOROUGH,275.0,nget
1150,LACK,LACKENBY,66.0,nget
1151,LACK,LACKENBY,275.0,nget
1152,LACK,LACKENBY,400.0,nget
1153,LALE,LALEHAM,33.0,nget
1154,LALE,LALEHAM,132.0,nget
1155,LALE,LALEHAM,275.0,nget
1156,LAND,LANDULPH,132.0,nget
1157,LAND,LANDULPH,400.0,nget
1158,LAGA,LANGAGE,400.0,nget
1159,LEMR,LEA MARSTON,132.0,nget
1160,LEGA,LEGACY,132.0,nget
1161,LEGA,LEGACY,400.0,nget
1162,LEIB,LEIGHTON BUZZARD,400.0,nget
1163,LEIS,LEISTON,132.0,nget
1164,LEIS,LEISTON,400.0,nget
1165,LEWE,LEWES,132.0,nget
1166,LISD,LISTER DRIVE,132.0,nget
1167,LISD,LISTER DRIVE,275.0,nget
1168,LITB,LITTLE BARFORD,132.0,nget
1169,LITB,LITTLE BARFORD,400.0,nget
1170,LHOR,LITTLE HORSTED,132.0,nget
1171,LHOR,LITTLE HORSTED,400.0,nget
1172,LITT,LITTLEBROOK,132.0,nget
1173,LITT,LITTLEBROOK,275.0,nget
1174,LITT,LITTLEBROOK,400.0,nget
1175,LODR,LODGE ROAD,66.0,nget
1176,LOFI,LONGFIELD,400.0,nget
1177,LOVE,LOVEDEAN,132.0,nget
1178,LOVE,LOVEDEAN,400.0,nget
1179,LOFR,LOWER FRANKTON,132.0,nget
1180,LOFR,LOWER FRANKTON,400.0,nget
1181,LOFT,LOWER FRANKTON TEE,400.0,nget
1182,MABL,MABLETHORPE,400.0,nget
1183,MACC,MACCLESFIELD,33.0,nget
1184,MACC,MACCLESFIELD,275.0,nget
1185,MACC,MACCLESFIELD,400.0,nget
1186,MANN,MANNINGTON,132.0,nget
1187,MANN,MANNINGTON,400.0,nget
1188,MAWO,MARCHWOOD,400.0,nget
1189,MAGA,MARGAM,275.0,nget
1190,MARH,MARKET HARBOROUGH,400.0,nget
1191,MARV,MARSTON VALE,400.0,nget
1192,MEDB,MEDBURN TEE,400.0,nget
1193,MEDW,MEDWAY,400.0,nget
1194,MELK,MELKSHAM,132.0,nget
1195,MELK,MELKSHAM,275.0,nget
1196,MELK,MELKSHAM,400.0,nget
1197,MIDL,MIDDLETON,400.0,nget
1198,MILL,MILLBROOK,400.0,nget
1199,MILH,MILLHILL,132.0,nget
1200,MILH,MILLHILL,275.0,nget
1201,MILP,MILTON PARK,33.0,nget
1202,MITY,MINETY,132.0,nget
1203,MITY,MINETY,400.0,nget
1204,MONF,MONK FRYSTON,275.0,nget
1205,MONF,MONK FRYSTON,400.0,nget
1206,MONF,MONK FRYSTON NEW,400.0,nget
1207,NECH,NECHELLS,132.0,nget
1208,NECH,NECHELLS,275.0,nget
1209,NECT,NECTON,400.0,nget
1210,NEEP,NEEPSEND,33.0,nget
1211,NEEP,NEEPSEND,275.0,nget
1212,NEEP,NEEPSEND,400.0,nget
1213,NEWX,NEW CROSS,66.0,nget
1214,NEWX,NEW CROSS,400.0,nget
1215,NEWX,NEWCROSS,132.0,nget
1216,NEWX,NEWCROSS,275.0,nget
1217,NINF,NINFIELD,132.0,nget
1218,NINF,NINFIELD,400.0,nget
1219,NHYD,NORTH HYDE ,66.0,nget
1220,NFLE,NORTHFLEET EAST,132.0,nget
1221,NFLE,NORTHFLEET EAST,400.0,nget
1222,NHYD,NORTHHYDE,275.0,nget
1223,NORT,NORTON,132.0,nget
1224,NORT,NORTON,275.0,nget
1225,NORT,NORTON,400.0,nget
1226,NORL,NORTON LEES,33.0,nget
1227,NORL,NORTON LEES,275.0,nget
1228,NORM,NORWICH MAIN,132.0,nget
1229,NORM,NORWICH MAIN,400.0,nget
1230,NOTR,NORWICH TROWSE,132.0,nget
1231,NURS,NURSLING,132.0,nget
1232,NURS,NURSLING,400.0,nget
1233,OCKH,OCKERHILL,132.0,nget
1234,OCKH,OCKERHILL,275.0,nget
1235,OFFE,OFFERTON,33.0,nget
1236,OFFE,OFFERTON,275.0,nget
1237,OLDB,OLDBURY,132.0,nget
1238,OLDB,OLDBURY,275.0,nget
1239,OLDB,OLDBURY,400.0,nget
1240,OLDS,OLDBURY-ON-SEVERN,132.0,nget
1241,OSBA,OSBALDWICK,132.0,nget
1242,OSBA,OSBALDWICK,400.0,nget
1243,OBST,OSBALDWICK TEE,400.0,nget
1244,OSBT,OSBALDWICK TEE,400.0,nget
1245,OVER,OVERTON,275.0,nget
1246,PADI,PADIHAM,132.0,nget
1247,PADI,PADIHAM,400.0,nget
1248,PAFB,PATFORD BRIDGE,400.0,nget
1249,PELH,PELHAM,132.0,nget
1250,PELH,PELHAM,400.0,nget
1251,PEMB,PEMBROKE,132.0,nget
1252,PEMB,PEMBROKE,400.0,nget
1253,PENI,PENISARWAUN,400.0,nget
1254,PENN,PENN,132.0,nget
1255,PENN,PENN,275.0,nget
1256,PENN,PENN,400.0,nget
1257,PERH,PENRHOS,132.0,nget
1258,PENT,PENTIR,132.0,nget
1259,PENT,PENTIR,400.0,nget
1260,PENM,PENTRE-MAWR CABLE COMPOUND,400.0,nget
1261,PEWO,PENWORTHAM,275.0,nget
1262,PEWO,PENWORTHAM,400.0,nget
1263,PENE,PENWORTHAM EAST,132.0,nget
1264,PENW,PENWORTHAM WEST,132.0,nget
1265,PITS,PITSMOOR,33.0,nget
1266,PITS,PITSMOOR,275.0,nget
1267,POAB,PONT ABRAHAM,400.0,nget
1268,POPP,POPPLETON,33.0,nget
1269,POPP,POPPLETON,275.0,nget
1270,POWO,PORTERS WOOD ,400.0,nget
1271,PORH,PORTHAM,132.0,nget
1272,PUDM,PUDDINGMILL,400.0,nget
1273,PURI,PURITON TEE,400.0,nget
1274,PYLE,PYLE,132.0,nget
1275,PYLE,PYLE,275.0,nget
1276,QUER,QUERNMOOR TEE,400.0,nget
1277,RAIN,RAINHILL,132.0,nget
1278,RAIN,RAINHILL,275.0,nget
1279,RASS,RASSAU,132.0,nget
1280,RASS,RASSAU,400.0,nget
1281,RATS,RATCLIFFE-ON-SOAR,132.0,nget
1282,RATS,RATCLIFFE-ON-SOAR,275.0,nget
1283,RATS,RATCLIFFE-ON-SOAR,400.0,nget
1284,RAYL,RAYLEIGH,400.0,nget
1285,RAYM,RAYLEIGH MAIN,132.0,nget
1286,REBR,REDBRIDGE,33.0,nget
1287,REBR,REDBRIDGE,275.0,nget
1288,RHIG,RHIGOS,400.0,nget
1289,RICH,RICHBOROUGH,132.0,nget
1290,RICH,RICHBOROUGH,400.0,nget
1291,ROCH,ROCHDALE,132.0,nget
1292,ROCH,ROCHDALE,275.0,nget
1293,ROCH,ROCHDALE,400.0,nget
1294,ROCK,ROCKSAVAGE,132.0,nget
1295,ROCK,ROCKSAVAGE,400.0,nget
1296,ROWD,ROWDOWN,400.0,nget
1297,RUGE,RUGELEY,132.0,nget
1298,RUGE,RUGELEY,400.0,nget
1299,RYEH,RYE HOUSE,132.0,nget
1300,RYEH,RYE HOUSE,400.0,nget
1301,RYHA,RYHALL,400.0,nget
1302,SALL,SALLE,132.0,nget
1303,SAEN,SALTEND NORTH,132.0,nget
1304,SAEN,SALTEND NORTH,275.0,nget
1305,SAES,SALTEND SOUTH,275.0,nget
1306,SALH,SALTHOLME,132.0,nget
1307,SALH,SALTHOLME,275.0,nget
1308,SALH,SALTHOLME,400.0,nget
1309,SAFO,SANDFORD,132.0,nget
1310,SAFO,SANDFORD,400.0,nget
1311,SEAB,SEABANK,132.0,nget
1312,SEAB,SEABANK,400.0,nget
1313,SELL,SELLINDGE,132.0,nget
1314,SELL,SELLINDGE,400.0,nget
1315,SHEE,SHEERNESS,132.0,nget
1316,SHEC,SHEFFIELD CITY,33.0,nget
1317,SHEC,SHEFFIELD CITY,275.0,nget
1318,SHRE,SHREWSBURY,132.0,nget
1319,SHRE,SHREWSBURY,400.0,nget
1320,SHUR,SHURTON,400.0,nget
1321,SING,SINGLEWELL,400.0,nget
1322,SIZE,SIZEWELL,132.0,nget
1323,SIZE,SIZEWELL,400.0,nget
1324,SKLG,SKELTON GRANGE,132.0,nget
1325,SKLG,SKELTON GRANGE,275.0,nget
1326,SHBA,SOUTH HUMBER BANK,400.0,nget
1327,SMAN,SOUTH MANCHESTER,132.0,nget
1328,SMAN,SOUTH MANCHESTER,275.0,nget
1329,SSHI,SOUTH SHIELDS,33.0,nget
1330,SSHI,SOUTHSHIELDS,275.0,nget
1331,SPLN,SPALDING NORTH,400.0,nget
1332,SPEN,SPENNYMOOR,132.0,nget
1333,SPEN,SPENNYMOOR,400.0,nget
1334,SASA,ST ASAPHS,132.0,nget
1335,SJOW,ST.JOHNS WOOD,132.0,nget
1336,SJOW,ST.JOHNS WOOD,275.0,nget
1337,SJOW,ST.JOHNS WOOD,400.0,nget
1338,STAL,STALYBRIDGE,132.0,nget
1339,STAL,STALYBRIDGE,275.0,nget
1340,STAL,STALYBRIDGE,400.0,nget
1341,STAH,STANAH,132.0,nget
1342,STAH,STANAH,400.0,nget
1343,STAY,STAYTHORPE,400.0,nget
1344,STYC,STAYTHORPE C,132.0,nget
1345,STEN,STELLA NORTH,132.0,nget
1346,STES,STELLA SOUTH,132.0,nget
1347,STEW,STELLA WEST,275.0,nget
1348,STEW,STELLA WEST,400.0,nget
1349,STSB,STOCKSBRIDGE,400.0,nget
1350,STOB,STOKE BARDOLPH,132.0,nget
1351,STOB,STOKE BARDOLPH,400.0,nget
1352,SUND,SUNDON,33.0,nget
1353,SUND,SUNDON,132.0,nget
1354,SUND,SUNDON,400.0,nget
1355,SWAN,SWANSEA NORTH,132.0,nget
1356,SWAN,SWANSEA NORTH,275.0,nget
1357,SWAN,SWANSEA NORTH,400.0,nget
1358,TADT,TADCASTER TEE,275.0,nget
1359,TAUN,TAUNTON,132.0,nget
1360,TAUN,TAUNTON,400.0,nget
1361,TEMP,TEMPLEBOROUGH,33.0,nget
1362,TEMP,TEMPLEBOROUGH,275.0,nget
1363,THTO,THORNTON,400.0,nget
1364,THOM,THORPE MARSH,66.0,nget
1365,THOM,THORPE MARSH,275.0,nget
1366,THOM,THORPE MARSH,400.0,nget
1367,THUR,THURCROFT,66.0,nget
1368,THUR,THURCROFT,275.0,nget
1369,TILB,TILBURY,132.0,nget
1370,TILB,TILBURY,275.0,nget
1371,TILB,TILBURY,400.0,nget
1372,TINP,TINSLEY PARK,33.0,nget
1373,TINP,TINSLEY PARK,275.0,nget
1374,TODP,TOD POINT,66.0,nget
1375,TODP,TOD POINT,275.0,nget
1376,TOTT,TOTTENHAM,132.0,nget
1377,TOTT,TOTTENHAM,275.0,nget
1378,TRAW,TRAWSFYNYDD,132.0,nget
1379,TRAW,TRAWSFYNYDD,275.0,nget
1380,TRAW,TRAWSFYNYDD,400.0,nget
1381,TREM,TREMORFA,33.0,nget
1382,TREM,TREMORFA,275.0,nget
1383,TREU,TREUDDYN TEE,400.0,nget
1384,TWIN,TWINSTEAD,132.0,nget
1385,TWIN,TWINSTEAD,400.0,nget
1386,TWST,TWINSTEAD,132.0,nget
1387,TWST,TWINSTEAD,400.0,nget
1388,TYNE,TYNEMOUTH,11.0,nget
1389,TYNE,TYNEMOUTH,132.0,nget
1390,TYNE,TYNEMOUTH,275.0,nget
1391,UPPB,UPPER BOAT,33.0,nget
1392,UPPB,UPPER BOAT,132.0,nget
1393,UPPB,UPPER BOAT,275.0,nget
1394,USKM,USKMOUTH,132.0,nget
1395,USKM,USKMOUTH,275.0,nget
1396,WALH,WALHAM,400.0,nget
1397,WALP,WALPOLE,132.0,nget
1398,WALP,WALPOLE,400.0,nget
1399,WALX,WALTHAM CROSS,275.0,nget
1400,WALX,WALTHAM CROSS,400.0,nget
1401,WARL,WARLEY,132.0,nget
1402,WARL,WARLEY,275.0,nget
1403,WASF,WASHWAY FARM,132.0,nget
1404,WASF,WASHWAY FARM,275.0,nget
1405,WATS,WATFORD SOUTH,132.0,nget
1406,WATS,WATFORD SOUTH,275.0,nget
1407,WEAV,WEAVER JUNCTION,25.0,nget
1408,WBOL,WEST BOLDON,66.0,nget
1409,WBOL,WEST BOLDON,275.0,nget
1410,WBUR,WEST BURTON,132.0,nget
1411,WBUR,WEST BURTON,400.0,nget
1412,WMEL,WEST MELTON,132.0,nget
1413,WMEL,WEST MELTON,275.0,nget
1414,WTHU,WEST THURROCK,33.0,nget
1415,WTHU,WEST THURROCK,400.0,nget
1416,WWEY,WEST WEYBRIDGE,132.0,nget
1417,WWEY,WEST WEYBRIDGE,275.0,nget
1418,WWEY,WEST WEYBRIDGE,400.0,nget
1419,WHAM,WESTHAM,132.0,nget
1420,WHAM,WESTHAM,400.0,nget
1421,WEMA,WESTON MARSH,400.0,nget
1422,WHGA,WHITEGATE,132.0,nget
1423,WHGA,WHITEGATE,275.0,nget
1424,WHSO,WHITSON,33.0,nget
1425,WHSO,WHITSON,275.0,nget
1426,WHSO,WHITSON,400.0,nget
1427,WIEN,WILLENHALL,132.0,nget
1428,WIEN,WILLENHALL,275.0,nget
1429,WISD,WILLESDEN,66.0,nget
1430,WISD,WILLESDEN,132.0,nget
1431,WISD,WILLESDEN,275.0,nget
1432,WISD,WILLESDEN,400.0,nget
1433,WILL,WILLINGTON,132.0,nget
1434,WILL,WILLINGTON,275.0,nget
1435,WILE,WILLINGTON EAST,400.0,nget
1436,WILT,WILTON,275.0,nget
1437,WIMB,WIMBLEDON,132.0,nget
1438,WIMB,WIMBLEDON,275.0,nget
1439,WIMB,WIMBLEDON,400.0,nget
1440,WIBA,WINCOBANK,33.0,nget
1441,WIBA,WINCOBANK,275.0,nget
1442,WYLF,WYLFA,132.0,nget
1443,WYLF,WYLFA,400.0,nget
1444,WYMO,WYMONDLEY,132.0,nget
1445,WYMO,WYMONDLEY,400.0,nget
1446,YAXL,YAXLEY,400.0,nget
1447,YORK,YORK NORTH,400.0,nget
1448,BASO,BOREAS ONSHORE,400,ofto
1449,BASW,BOREAS OFFSHORE,TBC,ofto
1450,BBWO,BURBO BANK EXTENSION ONSHORE,400,ofto
1451,BBWO,BURBO BANK EXTENSION ONSHORE,220,ofto
1452,BBWW,BURBO BANK EXTENSION OFFSHORE,220,ofto
1453,BBWW,BURBO BANK EXTENSION OFFSHORE,34,ofto
1454,BEAT,BEATRICE ONSHORE,400,ofto
1455,BEAT,BEATRICE ONSHORE,220,ofto
1456,BEIW,BEATRICE OFFSHORE,220,ofto
1457,BEIW,BEATRICE OFFSHORE,33,ofto
1458,BOSO,BARROW ONSHORE,132,ofto
1459,BOSW,BARROW OFFSHORE,132,ofto
1460,BOSW,BARROW OFFSHORE,33,ofto
1461,BRST,BURSTALL,400,ofto
1462,BRST,BURSTALL,220,ofto
1463,CODO,CODLING ONSHORE,400,ofto
1464,CODO,CODLING ONSHORE,220,ofto
1465,CODW,CODLING OFFSHORE,220,ofto
1466,CODW,CODLING OFFSHORE,33,ofto
1467,DBAO,DOGGER BANK A ONSHORE,400,ofto
1468,DBAW,DOGGER BANK A OFFSHORE,220,ofto
1469,DBAW,DOGGER BANK A OFFSHORE,33,ofto
1470,DBBO,DOGGER BANK B ONSHORE,400,ofto
1471,DBBW,DOGGER BANK B OFFSHORE,220,ofto
1472,DBBW,DOGGER BANK B OFFSHORE,33,ofto
1473,DBCO,DOGGER BANK C ONSHORE,400,ofto
1474,DBCW,DOGGER BANK C OFFSHORE,220,ofto
1475,DBCW,DOGGER BANK C OFFSHORE,66,ofto
1476,DUDO,DUDGEON ONSHORE,132,ofto
1477,DUDW,DUDGEON OFFSHORE,132,ofto
1478,DUDW,DUDGEON OFFSHORE,33,ofto
1479,EAAW,EAST ANGLIA ONE OFFSHORE,220,ofto
1480,EAAW,EAST ANGLIA ONE OFFSHORE,66,ofto
1481,EABO,EAST ANGLIA TWO ONSHORE,400,ofto
1482,EABO,EAST ANGLIA TWO ONSHORE,275,ofto
1483,EABW,EAST ANGLIA TWO OFFSHORE,275,ofto
1484,EABW,EAST ANGLIA TWO OFFSHORE,66,ofto
1485,EACO,EAST ANGLIA THREE ONSHORE,400,ofto
1486,EACW,EAST ANGLIA THREE OFFHORE,400,ofto
1487,EACW,EAST ANGLIA THREE OFFHORE,66,ofto
1488,EANO,EAST ANGLIA ONE NORTH ONSHORE,400,ofto
1489,EANO,EAST ANGLIA ONE NORTH ONSHORE,220,ofto
1490,EANW,EAST ANGLIA ONE NORTH OFFSHORE,220,ofto
1491,EANW,EAST ANGLIA ONE NORTH OFFSHORE,66,ofto
1492,FOFO,FIRTH OF FORTH ONSHORE,275,ofto
1493,FOFW,FIRTH OF FORTH OFFSHORE,275,ofto
1494,FOFW,FIRTH OF FORTH OFFSHORE,66,ofto
1495,GALO,GALLOPER ONSHORE,132,ofto
1496,GANW,GALLOPER NORTH OFFSHORE,132,ofto
1497,GANW,GALLOPER NORTH OFFSHORE,33,ofto
1498,GGON,GREATER GABBARD ONSHORE,132,ofto
1499,GREG,GREATER GABBARD OFFSHORE,132,ofto
1500,GREG,GREATER GABBARD OFFSHORE,33,ofto
1501,GUNS,GUNFLEET SANDS OFFSHORE,132,ofto
1502,GUNS,GUNFLEET SANDS OFFSHORE,33,ofto
1503,GWAW,GWYNT-Y-MOR OFFSHORE A,132,ofto
1504,GWAW,GWYNT-Y-MOR OFFSHORE A,33,ofto
1505,GWBW,GWYNT-Y-MOR OFFSHORE B,132,ofto
1506,GWBW,GWYNT-Y-MOR OFFSHORE B,33,ofto
1507,GWYO,GWYNT-Y-MOR ONSHORE,132,ofto
1508,HOWA,HORNSEA ONE ONSHORE,400,ofto
1509,HOWA,HORNSEA ONE ONSHORE,220,ofto
1510,HOWB,HORNSEA TWO ONSHORE,400,ofto
1511,HOWB,HORNSEA TWO ONSHORE,220,ofto
1512,HOWC,HORNSEA THREE ONSHORE,400,ofto
1513,HOWD,HORNSEA FOUR ONSHORE,400,ofto
1514,HOWD,HORNSEA FOUR ONSHORE,220,ofto
1515,HOWR,HORNSEA REACTOR PLATFORM,220,ofto
1516,HOWW,HORNSEA OFFSHORE,400,ofto
1517,HOWW,HORNSEA OFFSHORE,220,ofto
1518,HOWW,HORNSEA OFFSHORE,66,ofto
1519,HOWW,HORNSEA OFFSHORE,34,ofto
1520,HUMO,HUMBER GATEWAY ONSHORE,275,ofto
1521,HUMO,HUMBER GATEWAY ONSHORE,132,ofto
1522,HUMO,HUMBER GATEWAY ONSHORE,33,ofto
1523,HUMW,HUMBER GATEWAY OFFSHORE,132,ofto
1524,HUMW,HUMBER GATEWAY OFFSHORE,33,ofto
1525,INCO,INCH CAPE ONSHORE,275,ofto
1526,INCO,INCH CAPE ONSHORE,220,ofto
1527,INCW,INCH CAPE OFFSHORE,275,ofto
1528,INCW,INCH CAPE OFFSHORE,66,ofto
1529,LINO,LINCS ONSHORE,400,ofto
1530,LINO,LINCS ONSHORE,132,ofto
1531,LINS,LINCS OFFSHORE,132,ofto
1532,LINS,LINCS OFFSHORE,33,ofto
1533,LOAW,LONDON ARRAY OFFSHORE WIND FARM - PLATFORM 1,150,ofto
1534,LOAW,LONDON ARRAY OFFSHORE WIND FARM - PLATFORM 1,33,ofto
1535,LONO,LONDON ARRAY ONSHORE,400,ofto
1536,LONO,LONDON ARRAY ONSHORE,150,ofto
1537,LOYW,LONDON ARRAY OFFSHORE WIND FARM - PLATFORM 2,150,ofto
1538,LOYW,LONDON ARRAY OFFSHORE WIND FARM - PLATFORM 2,33,ofto
1539,MORF,MORAY EAST ONSHORE,275,ofto
1540,MORO,MORAY EAST ONSHORE,220,ofto
1541,MOWE,MORAY EAST OFFSHORE,220,ofto
1542,MOWE,MORAY EAST OFFSHORE,66,ofto
1543,MOWO,MORAY WEST ONSHORE,400,ofto
1544,MOWO,MORAY WEST ONSHORE,220,ofto
1545,MOWW,MORAY WEST OFFSHORE,220,ofto
1546,MOWW,MORAY WEST OFFSHORE,66,ofto
1547,NNGO,NEART NA GAOITHE ONSHORE,400,ofto
1548,NNGO,NEART NA GAOITHE ONSHORE,220,ofto
1549,NNGW,NEART NA GAOITHE OFFSHORE,220,ofto
1550,NNGW,NEART NA GAOITHE OFFSHORE,66,ofto
1551,ORMO,ORMONDE ONSHORE,132,ofto
1552,ORMO,ORMONDE ONSHORE,33,ofto
1553,ORMW,ORMONDE OFFSHORE,132,ofto
1554,ORMW,ORMONDE OFFSHORE,33,ofto
1555,RACO,RACEBANK ONSHORE,400,ofto
1556,RACO,RACEBANK ONSHORE,220,ofto
1557,RACW,RACEBANK OFFSHORE,220,ofto
1558,RACW,RACEBANK OFFSHORE,33,ofto
1559,RAMW,RAMPION OFFSHORE,150,ofto
1560,RAMW,RAMPION OFFSHORE,33,ofto
1561,RBBO,RACEBANK EXTENSION ONSHORE,400,ofto
1562,RBBO,RACEBANK EXTENSION ONSHORE,220,ofto
1563,RBBW,RACEBANK EXTENSION OFFSHORE,220,ofto
1564,RBBW,RACEBANK EXTENSION OFFSHORE,66,ofto
1565,RORE,ROBIN RIGG EAST ONSHORE,132,ofto
1566,RORE,ROBIN RIGG EAST ONSHORE,33,ofto
1567,RORW,ROBIN RIGG WEST ONSHORE,132,ofto
1568,RORW,ROBIN RIGG WEST ONSHORE,33,ofto
1569,RREW,ROBIN RIGG EAST OFFSHORE,132,ofto
1570,RRWW,ROBIN RIGG WEST OFFSHORE,132,ofto
1571,SGRO,SEAGREEN ONE 220KV ONSHORE,220,ofto
1572,SGRW,SEAGREEN ONE OFFSHORE,220,ofto
1573,SGRW,SEAGREEN ONE OFFSHORE,66,ofto
1574,SGRX,SEAGREEN ONE 275KV ONSHORE,275,ofto
1575,SOFO,SOFIA ONSHORE,400,ofto
1576,SOFW,SOFIA OFFSHORE,400,ofto
1577,SOFW,SOFIA OFFSHORE,66,ofto
1578,SSAW,SHERRINGHAM SHOAL OFFSHORE PLATFORM 1,132,ofto
1579,SSAW,SHERRINGHAM SHOAL OFFSHORE PLATFORM 1,33,ofto
1580,SSBW,SHERRINGHAM SHOAL OFFSHORE PLATFORM 2,132,ofto
1581,SSBW,SHERRINGHAM SHOAL OFFSHORE PLATFORM 2,33,ofto
1582,THAW,THANET WIND ONSHORE,132,ofto
1583,THOW,THANET WIND OFFSHORE,132,ofto
1584,THOW,THANET WIND OFFSHORE,33,ofto
1585,TKNE,TRITON KNOLL EAST OFFSHORE,220,ofto
1586,TKNE,TRITON KNOLL EAST OFFSHORE,66,ofto
1587,TKNO,TRITON KNOLL ONSHORE,400,ofto
1588,TKNO,TRITON KNOLL ONSHORE,220,ofto
1589,TKNW,TRITON KNOLL WEST OFFSHORE,220,ofto
1590,TKNW,TRITON KNOLL WEST OFFSHORE,66,ofto
1591,TWNE,TWINEHAM ONSHORE,400,ofto
1592,TWNE,TWINEHAM ONSHORE,150,ofto
1593,VGEO,VANGUARD EAST ONSHORE,400,ofto
1594,VGEW,VANGUARD EAST OFFSHORE,TBC,ofto
1595,VGWO,VANGUARD WEST ONSHORE,400,ofto
1596,VGWW,VANGUARD WEST OFFSHORE,TBC,ofto
1597,WAAO,WALNEY 1 ONSHORE,132,ofto
1598,WAAW,WALNEY 1 OFFSHORE,132,ofto
1599,WAAW,WALNEY 1 OFFSHORE,33,ofto
1600,WABO,WALNEY 2 ONSHORE,132,ofto
1601,WABW,WALNEY 2 OFFSHORE,132,ofto
1602,WABW,WALNEY 2 OFFSHORE,33,ofto
1603,WACW,WALNEY 3 OFFSHORE,220,ofto
1604,WACW,WALNEY 3 OFFSHORE,34,ofto
1605,WADW,WALNEY 4 OFFSHORE,220,ofto
1606,WADW,WALNEY 4 OFFSHORE,34,ofto
1607,WDSO,WEST OF DUDDON SANDS ONSHORE,400,ofto
1608,WDSO,WEST OF DUDDON SANDS ONSHORE,155,ofto
1609,WDSW,WEST OF DUDDON SANDS OFFSHORE,155,ofto
1610,WDSW,WEST OF DUDDON SANDS OFFSHORE,34,ofto
1611,WERO,WESTERMOST ROUGH OFFSHORE,150,ofto
1612,WERO,WESTERMOST ROUGH ONSHORE,275,ofto
1613,WERW,WESTERMOST ROUGH OFFSHORE,150,ofto
1614,WERW,WESTERMOST ROUGH OFFSHORE,34,ofto
1615,WOWE,WALNEY EXTENSION,400,ofto
1616,WOWE,WALNEY EXTENSION,220,ofto
