,Name
0,LOAW12
1,IVER21
2,HUNE4-
3,BRIM2B
4,EDIN1D
5,NEDE4J
6,WISD11
7,BRAW4A
8,FOGG1Q
9,SFEM1Q
10,HUNN4A
11,SFEG1S
12,CHAR1T
13,MILL41
14,KYPE3-
15,OFOA1-
16,KERG1A
17,CRDY3A
18,COYW2T
19,FAWL41
20,HUNE41
21,BIHI1R
22,REDH3-
23,WLEX3C
24,INGA1J
25,MILH21
26,ABTH13
27,FAUG1Q
28,GREM1J
29,RICH11
30,LAGG1R
31,NEDE2K
32,MILP31
33,DUNH1T
34,TAYN3-
35,DUDO11
36,STWN3K
37,DUMF3I
38,TUMB1R
39,USKM11
40,PEHE4K
41,WHTL1S
42,BESW12
43,KAIM3A
44,Onshore 66 kV
45,DUNB1R
46,PORH11
47,TAYN1R
48,CCSS1-
49,MONQ3-
50,BASO41
51,FERO3-
52,WIOW1Q
53,KINB2J
54,TYNE51
55,BERW3-
56,DELL1-
57,KEAD44
58,TILB12
59,THOM2A
60,SGRW21
61,CRAI1-
62,BREC1Q
63,WISH1-
64,OFFE32
65,ELGI1R
66,CULJ4A
67,EARR23
68,CARR4B
69,WISD61
70,CRSS2Q
71,HUCR4-
72,GRMO2-
73,PELH11
74,CROO1Q
75,SHUR41
76,VIKE3M
77,REDH1-
78,FINN3-
79,BRED11
80,SFER1K
81,WALX21
82,WALX2B
83,GREG13
84,DBBW34
85,FETT42
86,LISD21
87,THUR61
88,RYEH4B
89,SLOY1E
90,EAAW63
91,HAGR3-
92,HINP21
93,FINL5-
94,LONO4B
95,FAUG4J
96,GLDO1G
97,WARL11
98,GRNA4C
99,ALST31
100,LOVE12
101,HACK41
102,CLYS3B
103,COUA1Q
104,GLLE1-
105,MONF2B
106,DRAK41
107,FERR61
108,Onshore 275kV-1
109,ARNI3-
110,NNGW22
111,KILB5-
112,MILH2A
113,IROA12
114,GLUE3C
115,INGA1Q
116,GREM1N
117,TELR1R
118,INRU1S
119,Onshore 330kV LV
120,SPRB3-
121,GLAP3-
122,SMEA4Q
123,NOKY3A
124,DUNB1T
125,NLEI3B
126,TEAL4J
127,PEHEMEC6
128,WILT2C
129,GALA3-
130,DEAN5-
131,RANN3Q
132,FERR22
133,MELG4J
134,WESE1-
135,HUTT43
136,LUMB1Q
137,BRIM2A
138,REDM1Q
139,KIOR5-
140,ELGI3-
141,STRW34
142,TWNE12
143,THOW12
144,KIBY11
145,OHLL1-
146,Offshore 66kV-4
147,WIMB11
148,WFIE2-
149,BOTW11
150,DINO41
151,SHIN3-
152,CHIL41
153,GLFA3-
154,FASI1A
155,SHRU2R
156,DOUN2C
157,TORN1-
158,WYLA41
159,EKIL3B
160,CASS1Q
161,WILL11
162,VGEWX1
163,HAWP21
164,LINS31
165,OHLL3-
166,KNOC2J
167,LUNA1Q
168,WYMO11
169,BLHI2B
170,PEHE11
171,HAMH1B
172,LEVE1R
173,BLYT22
174,MOSM4-
175,UPPB11
176,EALI21
177,CHAS3C
178,VGWO41
179,BPGR3K
180,EAST5-
181,INWI1Q
182,WFIE3-
183,ROWD4B
184,IRON11
185,ARBR1R
186,KNOC2M
187,COAL1A
188,WHIB1B
189,DUNH1R
190,AMEM11
191,COAB4-
192,CRSS2A
193,ELDE3-
194,YELL1-
195,LOAW34
196,MILC1S
197,EOWL11
198,Onshore Converter HV
199,HUMO12
200,SGRO22
201,STIR1T
202,CHSI1B
203,EACW62
204,BRWA41
205,JORD31
206,BEWF3-
207,FASI1B
208,KENE3-
209,OBST4B
210,BEIW22
211,MAYT1T
212,CRSS1J
213,KRKN3-
214,MACC21
215,MOWO21
216,CHAS3A
217,IRON13
218,CLSO1-
219,DUBE3-
220,BLAH3A
221,CROO3J
222,ROTI3-
223,BEAU1N
224,GLRO2-
225,KERG1K
226,EACS41
227,BRIN41
228,WERW11
229,TYNE2A
230,CLYS3X
231,RANN1Q
232,GLAG1R
233,BAGP2-
234,SASA11
235,INVE1K
236,GUNS11
237,SSHI21
238,BRLE12
239,USKM12
240,Onshore 220Kv-1
241,PENC3-
242,WNUK3-
243,EKIL3-
244,ORMW31
245,BAIN3-
246,HOWW6E
247,PEMB42
248,MOWE22
249,KEMS11
250,ORMO31
251,FETT4K
252,MOWE23
253,DUNE3A
254,WBUR41
255,NETS3-
256,STWN1-
257,DLCH1A
258,WHBR3B
259,HARK23
260,RYEH11
261,CONN1K
262,SFIL1Q
263,GRNA4-
264,HACK21
265,ELVA4-
266,WIEN11
267,KINA2K
268,SPEN42
269,GLLU3-
270,PEHEMEC1
271,GWYO12
272,CILF2B
273,WIYH2R
274,EOWF61
275,SFEG5-
276,NORM12
277,INVR2-
278,KEAR11
279,SLKB1L
280,OWF Onshore 132kV
281,STHA2A
282,HOWR2A
283,DUNM1-
284,ELGI1L
285,WHGA21
286,MAWO41
287,FAWL11
288,SALM1C
289,GWBW32
290,NEDE42
291,KINN2B
292,SEAB4A
293,RAMW12
294,ALDW32
295,DUMF3A
296,CEAN1Q
297,ABTH11
298,BLEX1A
299,LOYW11
300,NINF12
301,KERG1V
302,DUNO1R
303,TREU4A
304,WLEE3B
305,GLDY3B
306,SELL4A
307,MIDD41
308,KNAR11
309,ERRO1A
310,SLOY1B
311,GLLU1Q
312,STAL21
313,BBWW21
314,HARK11
315,PEHE2Q
316,HAGR1R
317,SELL12
318,SWAN11
319,ABNE1Q
320,GLLE5-
321,COVE21
322,MANN41
323,VGWWX2
324,ENEI1N
325,MAHI1C
326,KILT2Q
327,GLUE1-
328,OCKH11
329,HAGR1Q
330,RACW33
331,SPIT2J
332,GGON11
333,Onshore Converter LV
334,ANSU3-
335,BARK22
336,DRAX42
337,AYR-2R
338,HAWP2A
339,BROX1R
340,SSEO4-
341,SELL4B
342,LEGA4B
343,HARE1-
344,WARL21
345,WEMA41
346,GRUB1R
347,TKNO41
348,ORRI1S
349,WIBA31
350,BRWA4A
351,ARNI1K
352,PORA1S
353,HICL1-
354,BULL41
355,KILS4-
356,WHRL3-
357,DALM2R
358,STLE1-
359,NEAR2T
360,MYBS1T
361,INNE1J
362,GILB1M
363,DAER1-
364,ALCE4K
365,BOSW11
366,BLKL3C
367,SOKY1-
368,TUMB1Q
369,HOWR2B
370,FOUR71
371,BLYT1A
372,KILS4T
373,BRCW1A
374,IROA13
375,INVR1C
376,HAWP61
377,BERB2Q
378,SANQ1-
379,EDIN1C
380,GAWH1Q
381,CLAC5J
382,FELL3-
383,BRID1R
384,SFER1L
385,CYGN4-
386,WALX41
387,BRAW11
388,WBOL21
389,KEIT3A
390,AREX1A
391,AMEM4A
392,VIKE3L
393,TOMT1K
394,LISD2A
395,WASF1A
396,CLFO3-
397,ERSK1Q
398,AUCW1-
399,HAWP41
400,FRAS1R
401,CAPE11
402,BONN2-
403,BLHI2M
404,TRAW21
405,FARI2K
406,GRIF1S
407,TILB41
408,BRID3-
409,BOLN12
410,BEIW32
411,CLYN2Q
412,BLKL1-
413,FETT41
414,BOAG1L
415,FAUG1-
416,CRYR4-
417,BONN2B
418,TUMM2J
419,DUNM1C
420,FARI2J
421,LINS32
422,EAAW62
423,UPPB21
424,DBDW62
425,DUCC1J
426,BONN4-
427,SMAN11
428,offshore converter platform
429,WTHU4D
430,WHSO31
431,Offshore 220kV-1
432,PEHG1R
433,COWL41
434,TEAS1-
435,ELST4B
436,LACK42
437,QUAN3-
438,GWAW31
439,CREA1B
440,STRW17
441,ANSU1-
442,DALB2B
443,GREG36
444,BEAU1L
445,KIIN1-
446,DRUM2Q
447,COGA3A
448,CAPE4B
449,CLUN1R
450,GLGL1Q
451,BEAU1S
452,IVER2A
453,WISH3T
454,NEWX21
455,ACHN3-
456,GREG35
457,CURR2-
458,AXMI41
459,NEAR3A
460,CLAU3-
461,COCK2-
462,WILT2D
463,PITS31
464,ABHA4A
465,EOWF11
466,TEAL2A
467,NLEI1-
468,WWEY12
469,WABO11
470,MACC31
471,ORRI3-
472,KIER1Q
473,BRAW21
474,DUDW31
475,COCK21
476,SEAB11
477,WASF1B
478,MILH12
479,HEYS11
480,CREA1A
481,WAAO1A
482,DONO1-
483,PAFB4B
484,FIDF21
485,MACD3-
486,CLOI11
487,BRAP1-
488,GARB1T
489,MYBS3K
490,BRAW12
491,WAAW32
492,ROCK41
493,ELST4A
494,LOCB4K
495,CITR12
496,SHDM3-
497,FROD41
498,LALE21
499,CLGO1-
500,WFIB4-
501,INVB2A
502,SPAV1Q
503,FINS2B
504,LOFI4A
505,MEDB4B
506,PORA1Q
507,WAAW31
508,DRCR3-
509,WACW31
510,BURW41
511,DAIN41
512,RAMW3A
513,OSBA11
514,FRIS41
515,ROCK1A
516,WHTL1T
517,GANW12
518,BROR3-
519,SAKN1-
520,BAIN1R
521,STEW41
522,JORD21
523,KINT1R
524,SWAN21
525,EDIN1-
526,SALH42
527,DUGR1Q
528,NEWX62
529,HARK24
530,MOSM1A
531,OVER21
532,ABED3-
533,BEIW21
534,LOCB1L
535,BLHS2-
536,ABHA11
537,STRW12
538,ALDW31
539,FAUG4K
540,HOWW3B
541,MAHI1-
542,Onshore AC Platform
543,OWF Onshore 400kV
544,TONG1-
545,INKE1Q
546,CLUN1S
547,TEMP31
548,SFEM5K
549,WIOW1R
550,GARE1S
551,BODE41
552,LOYW12
553,SACO1R
554,FLEE12
555,KIER1R
556,NORL2A
557,MOFF1A
558,AREC1-
559,SMAN21
560,KERG1U
561,SLOY1D
562,FOUR21
563,Onshore 400kV HV
564,INGA5-
565,WHIB1C
566,LAIR3-
567,CRCK3A
568,LALE11
569,ESST1-
570,GALO11
571,KENG41
572,CUPA1Q
573,KERG1T
574,SGRW61
575,LITT41
576,SING41
577,LONO11
578,SSAW31
579,LOAN2Q
580,MARH41
581,BICF41
582,BENR41
583,PORA1U
584,BENR11
585,VGWWX3
586,MELV1-
587,UPPB22
588,CHAP3-
589,PADI41
590,SAEN11
591,ABNE3-
592,KIIN3-
593,WBOL61
594,SIGH3A
595,SALM6A
596,NECH12
597,POPP21
598,TOMT2K
599,WGEO3-
600,PEHE2S
601,GOVA3-
602,TWIN4A 
603,BLYT1B
604,DRUL1-
605,ECCL4D
606,TWNE11
607,HORI3B
608,SLCK1-
609,SLOY1N
610,MSHL3-
611,SPAV3-
612,SPIT1J
613,TADT2A
614,MELV3-
615,GLGL1-
616,offshore converter station LV
617,LAIR1C
618,BRST41
619,NFLE41
620,COUA1R
621,PORD3-
622,ALCE4S
623,NAIR1R
624,Ofshore AC platform LV
625,HACK2A
626,CAPE21
627,FOUX11
628,SAFO11
629,DOUN1-
630,WALX22
631,HELE1-
632,MOSH5K
633,WLER3A
634,LAND42
635,ENHI3-
636,SJOW21
637,TUMM2K
638,WOHI1Q
639,HAMB4A
640,SPIT1M
641,LEIS4A
642,ACHN1-
643,HRCR3A
644,NNGW21
645,KEAD41
646,CAAD1Q
647,HAKB4-
648,RUGE41
649,OFOA3-
650,BHLA11
651,KEIT3-
652,ROCH4A
653,NEIL4R
654,LEGO3-
655,HOWA41
656,CATY1Q
657,Onshore DC
658,PORA1R
659,REBR21
660,PAIS1S
661,WIMB41
662,DAMC41
663,WDSW32
664,STEW21
665,KEAR21
666,BRAP3-
667,KILW1Q
668,DUCC1K
669,ARBR1Q
670,SLOY5M
671,PEHE4L
672,MACD1R
673,PAIS1T
674,AIKE3A
675,BESW11
676,GREM1L
677,CRYR1-
678,SANX3-
679,HOWD41
680,PELH12
681,SLOY1L
682,FAAR1R
683,BEAU2K
684,CONN2J
685,STRW35
686,DRAX41
687,FAAR1Q
688,MILL4A
689,RASS41
690,SPEN41
691,CONQ12
692,WHRL4-
693,BLAH1-
694,ERSK1R
695,BLYT21
696,FETT4J
697,MELK2A
698,SUND11
699,WHSO41
700,CHLE3-
701,REBR32
702,HARM21
703,BBWO41
704,CLUN5J
705,CULL1Q
706,CARR4A
707,SELL4E
708,CLYM3A
709,onshore converter station HV
710,BRIM4D
711,GART4A
712,MEDB4A
713,FIDF11
714,PELH41
715,MIDM3-
716,EERH2-
717,SLCK3-
718,BRIN21
719,PEHE4J
720,CRUA2R
721,FERR4A
722,TODD3-
723,POAB41
724,BRWA2B
725,GRAI41
726,EALI61
727,TONG3-
728,DUNE1-
729,LEVT1R
730,EKIL3A
731,WLEX2-
732,LOCB2K
733,CURR1B
734,WWEY22
735,FYRI1J
736,PEHEMEC3
737,DELL1A
738,TYNE21
739,HUNF3-
740,ABTH12
741,HAGH3-
742,MELG1K
743,BLHI4A
744,MAHI1B
745,BAGA1Q
746,BRCW2J
747,LEIS11
748,KNOC2P
749,FASQ1J
750,BOSO11
751,TRAW11
752,HEYS41
753,EDIN3-
754,FIDD1R
755,ECCF1K
756,WWEY11
757,WLER2-
758,BUST21
759,ROTI4K
760,PEHEMEC5
761,WALX4A
762,HUMO11
763,THUS1M
764,NEWX11
765,RHIG41
766,PEHEMEC4
767,WBUR42
768,EAAW22
769,OLDB2A
770,GLUE3A
771,NECU1-
772,CCSS3-
773,WLER3E
774,MILC1T
775,TAUN11
776,MELG4K
777,TAYN1Q
778,BUMU3-
779,CORI1P
780,ECLA12
781,TILB14
782,TUMM1J
783,MOWW21
784,RREW11
785,KITW11
786,NECT4A
787,EDIN1A
788,INRU1R
789,KNOK1-
790,NORM1B
791,QUOI1-
792,THTO41
793,MOSS1T
794,GILB1J
795,LOVE11
796,INVR1A
797,LITT2A
798,BETH3A
799,CNBH1B
800,GALN1R
801,CATY1R
802,REDM3-
803,HURS1D
804,THOW31
805,TEAL2J
806,BERW1Q
807,BRWA11
808,BASWX3
809,WHTB1S
810,LIMK3-
811,COGA1C
812,MACD1Q
813,WDSW12
814,DBBW21
815,CORI1J
816,GAWH3-
817,CARE11
818,WTHU4B
819,WABW11
820,SIZE1A
821,KNOC2N
822,WTHU4A
823,GRMO3A
824,WHAM11
825,MORO21
826,WGEO2R
827,STRI1R
828,WATS11
829,AMUL1H
830,KRKN1-
831,KINB4K
832,NNGO22
833,DUNH1Q
834,SSBW11
835,ELDE1Q
836,CLUN1T
837,HUMO22
838,MABL41
839,KILG3A
840,DEWP2Q
841,COAL1B
842,HAMH1A
843,PEHE2V
844,NEAR3B
845,BRLE1A
846,DRUL3-
847,ELST22
848,WISD21
849,OFFE31
850,PENN4A
851,MIDL41
852,Onshore 220kV-1
853,CHMO1T
854,FRAS3-
855,SPEN11
856,SLOY1P
857,SHEC31
858,BLAH3B
859,BROX3-
860,CREB12
861,IVER4B
862,CHAR1-
863,WACW21
864,HOWC4X
865,LITT2B
866,SMEA1-
867,PENM4B
868,HOME1-
869,FERR23
870,PEHE2W
871,QUER4B
872,ORMW32
873,BLYT61
874,FASQ3-
875,CHTE41
876,SLOY5N
877,CAFA5R
878,FROD11
879,AYR-2Q
880,SFEG1Q
881,CREB11
882,SHEC21
883,SNQR3-
884,DAER3-
885,WOHI1R
886,PORA2J
887,BUST4A
888,WYMO41
889,SPRB1-
890,HELE3-
891,BLYT41
892,STRL3Q
893,RACO42
894,TINP21
895,SCOP1A
896,RACW32
897,WWEY4B
898,RAIN12
899,BRIM4C
900,MILW3-
901,KAIM3-
902,KERG1J
903,MAYB3-
904,WATS22
905,CURR5-
906,LOCB1J
907,WHGA11
908,GILB1K
909,COUW31
910,WOWE21
911,BEDT1A
912,ROCH12
913,GLUE3B
914,CREB41
915,TORN4-
916,GARB1R
917,REDS4-
918,PYLE21
919,NEAR3-
920,NNGW61
921,GWBW11
922,ALYT4K
923,BRWA4C
924,SWAN42
925,TILB21
926,KNOC2K
927,NEDE41
928,HACK11
929,GALO12
930,GLRB2-
931,KAIM2-
932,FRIS4A
933,MORF21
934,LAGG1Q
935,SAES21
936,ALST32
937,BRCW1B
938,FASN4-
939,HOWD21
940,BROR4A
941,LHOR4B
942,BOTW41
943,SELL4C
944,DUDO12
945,DUNB1S
946,SFEG1R
947,SIZE11
948,LONO4A
949,INDQ11
950,HUNN4B
951,WADW31
952,COAT2Q
953,COTT41
954,VGEWX2
955,HUNN2C
956,QUER4A
957,OWF Offshore 66kV
958,GREN12
959,TNGF1-
960,EACW61
961,LACK2C
962,BLHI2A
963,NHYD61
964,ELST13
965,USKM2A
966,POOB3-
967,AMUL1F
968,SGRO23
969,HOWW3A
970,CLYM3B
971,RATS2A
972,FINS3-
973,BREC1R
974,LINO13
975,DUNM1T
976,NECT41
977,DUDW12
978,TKNW61
979,TILB44
980,PEHEMEC2
981,FAUG2K
982,KEIT2Q
983,KERG1S
984,TRLO3-
985,DOUN3-
986,BRST21
987,DBBW32
988,WLEE3A
989,LEVT1Q
990,TOMT1M
991,BPGR3J
992,Onshore 220 kV
993,CHAP1-
994,WILT2A
995,AIGA1R
996,DORE32
997,GREG11
998,DUDH1Q
999,BOAG1M
1000,DUNE3-
1001,CRSS1R
1002,INKE3-
1003,WABW32
1004,ERRO1T
1005,TRSN3-
1006,LEGA11
1007,BROA1-
1008,ARMO1J
1009,GANW34
1010,DUNM3-
1011,SEAB41
1012,GRIW12
1013,TUMB5-
1014,LONO13
1015,Onshore 275kV-2
1016,BEDD22
1017,HADH3-
1018,HUNF1Q
1019,DBBO41
1020,WYLF41
1021,PITS21
1022,WISH4-
1023,BLKL3B
1024,EGGB42
1025,NWGL4-
1026,DALM2Q
1027,AREC3-
1028,TKNE21
1029,MEAD1Q
1030,CRAI1Q
1031,FOUX4A
1032,ELDE1R
1033,KINN4-
1034,LAND11
1035,ERRO1B
1036,WIOW3-
1037,ROTI2J
1038,MOSS5-
1039,GLNU3-
1040,BRIM11
1041,CORI1K
1042,LOAN2-
1043,CUMB1Q
1044,GHPS1-
1045,TWIN4A
1046,CURR4T
1047,NEEP31
1048,PEWO4A
1049,STAY41
1050,KILB3-
1051,MORF23
1052,DEVO1-
1053,TEMP22
1054,SHRG3-
1055,AIGA5-
1056,CHLE1-
1057,CAFA1Q
1058,KILS1-
1059,LACK21
1060,OSBA41
1061,BAGA1R
1062,MAHI3-
1063,WGEO2Q
1064,STIR3-
1065,RUGE11
1066,REBR22
1067,FINS1-
1068,BUMU1R
1069,STRI1Q
1070,TARL3-
1071,UPPB31
1072,GLEN1Q
1073,WHAM12
1074,BENB3-
1075,BLGH1-
1076,NEEP21
1077,LOYW31
1078,REDM41
1079,EDIN1B
1080,SSAW11
1081,EAAW61
1082,KEAD43
1083,HLND3-
1084,LINO11
1085,SPIT4-
1086,ROTI2K
1087,HOWW3C
1088,LAIR3A
1089,WOWE22
1090,MOWO41
1091,REDS3A
1092,THOW33
1093,DRUM2R
1094,PELH4B
1095,FINS2C
1096,DALM1-
1097,MELK11
1098,LINM3-
1099,BEAU4R
1100,TOTT21
1101,ECCL1-
1102,TONG1Q
1103,CULL5-
1104,LAND41
1105,CITR41
1106,COVE12
1107,IVER11
1108,STRW1C
1109,BLHI2L
1110,KERG1-
1111,LOCL1S
1112,BONB4A
1113,WDSW31
1114,TOTT12
1115,SW E1a (Offshore DC Substation)
1116,HARK41
1117,STHA4B
1118,PAIS3-
1119,CAML61
1120,COSO41
1121,AXMI11
1122,STRW33
1123,DUNH3-
1124,BRLE41
1125,LIMK1-
1126,GRSB21
1127,DOUN2A
1128,DRUM3-
1129,HARB4R
1130,YELL1A
1131,KERG1Q
1132,MELK41
1133,CARR12
1134,FERR2A
1135,MILS1Q
1136,BONB2J
1137,BUSH21
1138,HUMW32
1139,RACW31
1140,TEAL1-
1141,NECH21
1142,BENB1T
1143,SUND42
1144,ALVE4B
1145,HINP41
1146,BRNX4A
1147,CUMB3-
1148,LOCB1M
1149,COCK4Q
1150,HIGM4A
1151,GLRO4-
1152,KINM2A
1153,CARR41
1154,CRDY3B
1155,ECCL4B
1156,SHRU3A
1157,BICF11
1158,BRCW4A
1159,LODR61
1160,RYEH41
1161,North Humber Coastal 400kV
1162,NETS1-
1163,EAAW21
1164,FAAR3K
1165,FINN1R
1166,INDQ41
1167,PEHE2U
1168,CUPA3-
1169,KERG1W
1170,WHHO2Q
1171,WIYH4Q
1172,TEAL4K
1173,KNAR21
1174,PENE11
1175,THAW11
1176,COYW2S
1177,HINP22
1178,CARE21
1179,CLYN3A
1180,FLEE11
1181,JOHN1Q
1182,GALN4-
1183,STSB4A
1184,PEWO2B
1185,ERRO1K
1186,DYCE1R
1187,LINO14
1188,IRON12
1189,GREG33
1190,KITW21
1191,KILT3-
1192,MEDW41
1193,CHIC4A
1194,CAID3-
1195,CASS3-
1196,TYNE11
1197,ABHA4B
1198,CHMO3-
1199,MIDM1-
1200,BASWX2
1201,TAUN41
1202,DUNO3-
1203,LACK2A
1204,DAAS2-
1205,SELL4F
1206,PEHE2R
1207,SMAN12
1208,CELL12
1209,FFES22
1210,FYRI2J
1211,STRL1-
1212,MOSH1Q
1213,OLDS12
1214,GRIF1T
1215,CILF41
1216,GLDY3A
1217,FARI1K
1218,BROX1Q
1219,THUS1K
1220,WWEY2A
1221,KINT1P
1222,GLGL1R
1223,COST3-
1224,HARE3B
1225,BEAU1K
1226,TWIN11
1227,BLEX1-
1228,INVR1D
1229,BLHI2J
1230,CLOI3-
1231,ECLA11
1232,WADW21
1233,BLHI4-
1234,HAWI1D
1235,DBCW62
1236,SJOW11
1237,GWAW11
1238,DYCE3-
1239,CRAI1R
1240,FETT2P
1241,BLCW1-
1242,FRIS4D
1243,STHA3-
1244,HEDO21
1245,ALNE3J
1246,LYND3-
1247,RACW21
1248,SKLG21
1249,TKNO42
1250,ROCH11
1251,KILS3-
1252,KYPE1-
1253,EAAW64
1254,WBUR12
1255,MITY41
1256,POOB2R
1257,GUNS31
1258,RAIN21
1259,NORT41
1260,KINB2K
1261,DBDW21
1262,HUNF1R
1263,FALL3C
1264,FETT4R
1265,DELL3-
1266,FECK61
1267,RYEH42
1268,PERS1R
1269,KNOK3-
1270,TAUN42
1271,HUNE1-
1272,HUTT42
1273,Onshore LV
1274,PELH4A
1275,GRTO61
1276,DUDW32
1277,PERS1Q
1278,MEAD1R
1279,PORD2R
1280,SPLN41
1281,HOWW2C
1282,KINT1T
1283,EWEH3-
1284,WHHO2R
1285,TKNW21
1286,MOWE61
1287,LOFI4B
1288,LONO14
1289,HOWC42
1290,BROC1T
1291,ORMW11
1292,FAUG1R
1293,GANW31
1294,CAIN3J
1295,FYRI2K
1296,ABHA12
1297,SANX1R
1298,DUGR3-
1299,THOM61
1300,COYL2-
1301,ELST41
1302,HADH1-
1303,LORG1-
1304,ECCL4A
1305,TWNE41
1306,BONN3-
1307,EASO11
1308,BERW1R
1309,IROA21
1310,GORW2-
1311,CONN2K
1312,MARH42
1313,PEHG1Q
1314,MOWW61
1315,MUAI3A
1316,HAKB4B
1317,JUNA1T
1318,BRCW3-
1319,WIEN2A
1320,KILO3-
1321,SFER1J
1322,IVER4A
1323,SPIT2K
1324,HATL21
1325,GORG1Q
1326,THOM21
1327,MONF22
1328,Offshore 275kV-1
1329,WERO11
1330,DUBE1Q
1331,Offshore 330kV HV
1332,BEAU3-
1333,HARG11
1334,HARB4Q
1335,MOSS1Q
1336,ABNE1R
1337,WISH2-
1338,Onshore 220kV-2
1339,WNUK1-
1340,HOLM1-
1341,DOUN2B
1342,RACW34
1343,ALCE3-
1344,RACW22
1345,THOW34
1346,GUNS32
1347,SGRW22
1348,JOHN3-
1349,ROWD41
1350,LEVE1Q
1351,GNSH3-
1352,WHSO32
1353,WABW31
1354,FOYE2-
1355,LACK2B
1356,FIDD1Q
1357,WHBR3A
1358,WHTL3-
1359,LUNA1R
1360,WHHO3-
1361,LHOR4A
1362,FARI1J
1363,FAUG3-
1364,LOAW32
1365,MITY12
1366,THOW11
1367,NORT11
1368,WHSO22
1369,PEWO2C
1370,STOC3-
1371,KILS2-
1372,BEDT1B
1373,LEGA41
1374,BBWW31
1375,HEST3-
1376,DUBE4B
1377,GLEN5-
1378,EOLF40
1379,KNCR3-
1380,AREX1-
1381,OCKH2A
1382,KINO11
1383,BRAI4A
1384,ELVA2R
1385,Onshore DC Platform
1386,SACO3J
1387,NANT1Q
1388,DUDW11
1389,LAZE41
1390,LHOR11
1391,Onshore AC platform
1392,NINF41
1393,ERRO5L
1394,HARR3-
1395,MOSM2-
1396,EERH3-
1397,FOFO2-
1398,TRSN1-
1399,ALYT4J
1400,MOTA1Q
1401,FIDF12
1402,SIZE12
1403,STAL11
1404,WERO21
1405,DBCO41
1406,GRAW41
1407,STAY4A
1408,KEIT1J
1409,LYND1Q
1410,RASS11
1411,KEOO1Q
1412,WIBA21
1413,FROD22
1414,MOFF4-
1415,TEAL41
1416,NECU1Q
1417,KINN2A
1418,WIMB12
1419,BEAU1M
1420,MINN3-
1421,KERG1L
1422,BEDD12
1423,LUND1-
1424,CRSS2R
1425,NEWX41
1426,Offshore 66kV-3
1427,MOTA1R
1428,BARK11
1429,LUNA3-
1430,PEHG3-
1431,BIRK21
1432,CHIC41
1433,USKM2B
1434,HOWW4X
1435,FERR2B
1436,BLGH3-
1437,SFER1M
1438,BLHI1K
1439,ARBR3-
1440,GIFF2R
1441,GANW33
1442,GALA1-
1443,HOWB41
1444,LIMK1A
1445,ALVE4A
1446,SWAN22
1447,EWEH1Q
1448,REDM42
1449,KIOR1Q
1450,SALL12
1451,CELL41
1452,WTHU4E
1453,MOWE21
1454,WFIE5-
1455,WILL12
1456,KILC1Q
1457,TWIN4B 
1458,FETT4L
1459,KINT4J
1460,IVER22
1461,HOME3-
1462,SFEM1R
1463,FOGG1R
1464,INNE1K
1465,ENDE11
1466,CLYN3C
1467,GLDY1-
1468,BEAU1T
1469,CRCK2-
1470,ACHR2-
1471,LINS12
1472,LUIC1R
1473,GOVA1Q
1474,CAAD3J
1475,DUNB3A
1476,PAFB4A
1477,DUNF1R
1478,CONN1D
1479,FOYE2L
1480,HAWI1B
1481,AYR-3-
1482,DRAK21
1483,FASQ1-
1484,CLFO1-
1485,STWN3J
1486,SSHI31
1487,STIR1S
1488,ECCL3-
1489,DYCE1J
1490,TOMT1L
1491,KEMS4A
1492,NFLE12
1493,GREG14
1494,MOSM1B
1495,COWL11
1496,INVR1B
1497,BEAT22
1498,CNBH1A
1499,CANT14
1500,WMEL11
1501,CAPE1A
1502,YELL1B
1503,OFFE21
1504,LKEM2-
1505,DEVM1-
1506,SANX1Q
1507,TREU4B
1508,SAFO41
1509,JUNV1A
1510,SALH41
1511,HUMW12
1512,RYEH4A
1513,BRIM2C
1514,OLDB11
1515,MYBS3N
1516,BRCW4B
1517,EXET11
1518,CAMA11
1519,TOTT22
1520,JOHN1R
1521,DAAS3-
1522,DORE31
1523,BAGA3-
1524,GLFA1-
1525,DUMF1-
1526,BEDD4A
1527,BUSH11
1528,ELLA12
1529,CURR1A
1530,WALP11
1531,BIHI1Q
1532,ESST1Q
1533,YORK4A
1534,HACK22
1535,GOVA1R
1536,BRST22
1537,REJO2A
1538,BLEX3-
1539,STES11
1540,HUTT41
1541,RRWW11
1542,NAIR1Q
1543,EAST1Q
1544,ABBA1-
1545,CLAC1Q
1546,POOB2Q
1547,Offshore AC Platform
1548,DLCH1B
1549,LOAW31
1550,RANN1R
1551,VIKE3J
1552,COGA3-
1553,CHTE21
1554,MOSH1R
1555,MOFF4C
1556,THTO43
1557,PERS2R
1558,KEAD42
1559,EASO12
1560,ACHR3-
1561,ARMO3-
1562,BLKL3E
1563,TREM31
1564,STRW13
1565,BASWX1
1566,WISH3S
1567,LEIB4A
1568,WACW32
1569,BEDD4B
1570,ALCE4J
1571,CROO3K
1572,ALCE4R
1573,CLYM2-
1574,WABO1A
1575,WHSO4A
1576,HUER1-
1577,CRCK3-
1578,KEIT1-
1579,PERS3-
1580,SLOY1F
1581,MILH2B
1582,KTDL1-
1583,BEAU1P
1584,PADI11
1585,GRUB1Q
1586,MORO23
1587,BLHI1J
1588,CHAS2Q
1589,CONQ41
1590,SHIN4K
1591,NNGW62
1592,IMPP31
1593,CLEH41
1594,MANN11
1595,STAL4B
1596,DEVM3-
1597,BROA1C
1598,MORF4-
1599,WHAM4A
1600,SHIN5-
1601,RACO41
1602,REDM1R
1603,SHRU2Q
1604,LOAN2Z
1605,CLYS2R
1606,JUNB1-
1607,NINF11
1608,WFIE4-
1609,SHRG1-
1610,MAYB1-
1611,FAUG1J
1612,CANT41
1613,SLKB1J
1614,DUNB3B
1615,CLAY1R
1616,TREM21
1617,PORD2Q
1618,KTDL4-
1619,NORT21
1620,MITY11
1621,WTHU4C
1622,Offshore 66 kV HV
1623,ELGI1Q
1624,CULR4-
1625,LOCB2J
1626,WALX4B
1627,CAIN2-
1628,FRIS4B
1629,LOCH5J
1630,SLOY1K
1631,NEAR2-
1632,FENW4A
1633,RACO21
1634,GRAW4A
1635,CREB2B
1636,Offshore 275kV-3
1637,HOWR2C
1638,TINP31
1639,BROC1-
1640,CRDH2K
1641,DENS1Q
1642,CROO1R
1643,BRCW2K
1644,GREM1M
1645,GLRB4-
1646,GRAW42
1647,PEWO41
1648,BRED21
1649,PERS2Q
1650,SAEN21
1651,MORF2-
1652,ORRI1Q
1653,LITB11
1654,MOSM3R
1655,MILH11
1656,HUTT11
1657,FAAR3J
1658,ENHI1-
1659,CLYN3B
1660,NLEI3A
1661,BROA3-
1662,LOCH5K
1663,SANQ3-
1664,TEAS31
1665,ELVA1-
1666,WASF2A
1667,TWNE42
1668,DUNH1S
1669,offshore converter station HV
1670,TKNO22
1671,KINA4B
1672,SHBA41
1673,AIGA1Q
1674,SPIT41
1675,GART4B
1676,KILT3A
1677,CLAY1Q
1678,SSHI22
1679,SIGH2R
1680,OWF Offshore 132kV
1681,BUST4B
1682,BUMU1Q
1683,CRDH1J
1684,CLGO2-
1685,OLDB4A
1686,LAMB2-
1687,ECCL4C
1688,WOWE41
1689,POGB3-
1690,SPIT2R
1691,HOLM1T
1692,FETT1-
1693,WLER3C
1694,KEIH3-
1695,EACO41
1696,DUNF3-
1697,LEIB4B
1698,WATS12
1699,SACO3K
1700,SHRE11
1701,GARB1S
1702,BROA1B
1703,GREN41
1704,LINS11
1705,GLRO3A
1706,WTHU31
1707,STRW31
1708,onshore converter station
1709,THUS2K
1710,HAWI1C
1711,SSBW32
1712,RAIN11
1713,HORI1-
1714,CHAR3-
1715,CUMB1R
1716,CONQ13
1717,BEAU1J
1718,KINA4A
1719,EGGB41
1720,CLYS3A
1721,FRIS4C
1722,HORI3A
1723,SLOY1J
1724,KEIS5A
1725,SLOY5L
1726,SPIT42
1727,DUNG41
1728,VGEWX3
1729,PART1R
1730,DBDW63
1731,JUNV1-
1732,BRNX4-
1733,HIGM41
1734,DISS4B
1735,NAIR3-
1736,USKM21
1737,COAN4-
1738,MOWW22
1739,WERO22
1740,STRL3P
1741,R4_1 (Offshore DC Substation)
1742,KERG1M
1743,COAL4-
1744,NORM41
1745,CAID2-
1746,GRST61
1747,LEMR11
1748,MOWE63
1749,COGA1-
1750,TOMT1J
1751,ELST21
1752,DUNF1Q
1753,MOSM3Q
1754,MOWO42
1755,ELST12
1756,MONF42
1757,BONB4-
1758,FOYE2K
1759,CUMW1-
1760,EOWF62
1761,BEDD11
1762,HARK21
1763,LING1R
1764,ENDE41
1765,HOWB21
1766,CILF2A
1767,SIZE41
1768,FERO1S
1769,PART1Q
1770,DUNB1Q
1771,BRLE13
1772,CRDH2J
1773,NORL2B
1774,SHRU3B
1775,KIBY21
1776,ENEI3-
1777,SMEA4R
1778,KINT1-
1779,TEAL2K
1780,SHRE4B
1781,ALYT2A
1782,TILB11
1783,KINB4J
1784,HUCS4-
1785,MOSS1S
1786,CLYN3D
1787,COAT3-
1788,MARH4A
1789,SJOW13
1790,RORW31
1791,RYEH12
1792,PEHERSV2
1793,CHTE11
1794,SELL11
1795,GORG3-
1796,CAAD3-
1797,HOWA21
1798,BOSW31
1799,SLOY1T
1800,HUMW11
1801,GLTA3-
1802,SCOP1-
1803,WALP41
1804,SIGH2Q
1805,THUS1J
1806,Onshore 400kV-2
1807,WIYH1-
1808,OWFD1-
1809,DEVO3-
1810,GWAW12
1811,BESW21
1812,ALNE1R
1813,YORK4B
1814,KILB1R
1815,MARM1-
1816,SUND31
1817,BOAG1R
1818,WERW31
1819,WWEY4A
1820,NOKY3B
1821,CULR2-
1822,DESA1Q
1823,NNGO42
1824,DISS4A
1825,SELL4D
1826,MILC1V
1827,FASN1B
1828,STYC12
1829,LONO12
1830,TOTT11
1831,BONN1-
1832,TKNO21
1833,FRIN4B
1834,SHIN4J
1835,Offshore 66kV-1
1836,GREG12
1837,REDS1-
1838,BHLA31
1839,PITS32
1840,ENEI1-
1841,HOWC41
1842,FWIL1R
1843,FETT2Q
1844,MILW1Q
1845,ELCH1-
1846,PRST3A
1847,CHMO1-
1848,LINO41
1849,WISD42
1850,RYEH43
1851,SPAV1R
1852,PERH11
1853,PEHERSV1
1854,WFIE1B
1855,WHIB1D
1856,WDSW11
1857,SALL11
1858,STRW18
1859,PENW11
1860,WHIB1G
1861,AMEM4B
1862,WIYH2-
1863,TEAL42
1864,KINT2J
1865,FAUG1P
1866,CITR11
1867,WHSO21
1868,FINL1Q
1869,STAH11
1870,CARR21
1871,HUMR41
1872,GRIW41
1873,FASN1A
1874,MORF22
1875,CONN1C
1876,BISW21
1877,INGA4J
1878,GLKO3J
1879,MYBS1R
1880,LAMB2T
1881,TKNE61
1882,AUCH2-
1883,BAIN1Q
1884,BEAU4-
1885,FRIN4A
1886,BBWO21
1887,INGA1K
1888,LUIC5J
1889,BROA1Q
1890,COUA3-
1891,CHSI1A
1892,STAH4A
1893,GGON13
1894,HURS21
1895,AMUL1G
1896,PEHE2T
1897,MOWO22
1898,KNOC2L
1899,HAMB4B
1900,ARMA3-
1901,GHPS3A
1902,CRSS1Y
1903,BOLN41
1904,SKLG11
1905,BRNX4R
1906,DRCR1R
1907,PEMB41
1908,BBWW32
1909,WAAO11
1910,ELLA21
1911,WWEY21
1912,GREN11
1913,BRAI4B
1914,HICL3-
1915,ORRI1R
1916,CRAI3-
1917,HEND11
1918,PORA2K
1919,WHIB1F
1920,EKIS2-
1921,STYC11
1922,KTDL1A
1923,CRSS1X
1924,KEOO1-
1925,KERG1N
1926,FALL3A
1927,CRSS1Q
1928,AREX3-
1929,LISD11
1930,KINA2J
1931,EKIL2R
1932,CRSS1K
1933,IROA11
1934,CLTO11
1935,STRB3W
1936,KERG1R
1937,EKIL2Q
1938,SFIL5-
1939,DENN2T
1940,ELCH3-
1941,TEIN1-
1942,OLDB21
1943,GREG32
1944,Offshore 66kV-2
1945,COAB3-
1946,VGWWX1
1947,WHIB1A
1948,CHUE4A
1949,TINP32
1950,WBUR11
1951,BETH1A
1952,KEIT1K
1953,HIBU41
1954,TNGF3-
1955,NHYD2A
1956,GRIF36
1957,BARW32
1958,KEAR41
1959,BONN2A
1960,ABTH21
1961,HOWW2D
1962,NORL31
1963,CLUN1Q
1964,BRIM2D
1965,QUAN1-
1966,Onshore 400kV-1
1967,ROTI4J
1968,TNGF1A
1969,FAUG2J
1970,WASF2B
1971,FAUG1K
1972,SLKB1M
1973,HAMH41
1974,NEWX4A
1975,SFEM5J
1976,GIFF3B
1977,GORG1R
1978,FASN2-
1979,BRNX4Q
1980,MILL4B
1981,NOTR12
1982,WISD2A
1983,PEHE2-
1984,THUR21
1985,CHUE4B
1986,NEIL1C
1987,BROR1Q
1988,BEAT4-
1989,BUST11
1990,CANT13
1991,CONN1J
1992,NECU1R
1993,EDIN1E
1994,PAIS1R
1995,EUCH1-
1996,COGL4J
1997,PAIS1Q
1998,KTDL3-
1999,MELG1J
2000,MOFF1-
2001,PART3-
2002,FLEE41
2003,EKIL2T
2004,BLLX1-
2005,DALL2-
2006,CRYR32
2007,BUSB2-
2008,STLE3S
2009,JUNB1A
2010,PORA3-
2011,SWAN41
2012,GRMO3C
2013,FRAS1Q
2014,GHPS3B
2015,GRIF38
2016,EACW41
2017,GRAW4B
2018,FALL3B
2019,LOCB4J
2020,KINT4K
2021,LOCH1-
2022,DIDC41
2023,LUIC5K
2024,FELL1-
2025,HARK13
2026,DYCE1T
2027,NEEP4A
2028,GRUB3-
2029,FLIB41
2030,WILL21
2031,SGRX23
2032,FINN1Q
2033,GLNI1-
2034,GLLU1R
2035,FERR21
2036,Onshore 400kv-2
2037,HARK12
2038,WTHU4F
2039,INNE1L
2040,WISH1A
2041,onshore converter platform HV
2042,BEWF1-
2043,NURS4A
2044,BETH1B
2045,BROA1A
2046,LETH3-
2047,NECH11
2048,GNSH1-
2049,COCK3-
2050,KEMS4B
2051,ELVA2Q
2052,ALCE3A
2053,COCK4R
2054,BRFO41
2055,LUMB1R
2056,KEAD4D
2057,NEWX61
2058,FETT2R
2059,MOSS1R
2060,FYRI1K
2061,GLAG1Q
2062,BEIN31
2063,PEWO2A
2064,FASN3-
2065,SLOY1A
2066,LODR62
2067,CATY3-
2068,BEAU2J
2069,THUS2J
2070,NEAR2Q
2071,SHRE4A
2072,GREM1K
2073,GHPS4-
2074,BARW31
2075,IMPP41
2076,DEWP3-
2077,BEAT21
2078,EUCH3-
2079,DBCW21
2080,LORG3-
2081,DORE12
2082,LACK61
2083,TINP22
2084,DALB2A
2085,MACC41
2086,WLEE2-
2087,NEIL2C
2088,NOTR11
2089,SWAN4B
2090,TILB43
2091,ROWD4A
2092,WDSO41
2093,GRNA1-
2094,QUOI5-
2095,KIRK21
2096,WAAW11
2097,LING3-
2098,KINT2K
2099,AYRS4-
2100,TELR3-
2101,VGEO41
2102,TILB4A
2103,BAGP2K
2104,INCE11
2105,BRFO11
2106,RATS12
2107,WFIE1A
2108,BENB1-
2109,HAWI3-
2110,WLEX3B
2111,BLYT23
2112,POPP31
2113,FOUR31
2114,STSB4B
2115,KILB1Q
2116,ELLA11
2117,BOAG3-
2118,SLOY5P
2119,GREG31
2120,GORW3-
2121,TEAL2B
2122,TEMP21
2123,HACK2B
2124,TILB4B
2125,DALM3-
2126,SJOW41
2127,CAPE1B
2128,BERB3-
2129,MEAD1-
2130,SALH11
2131,GLKO1-
2132,ROWD42
2133,KEAR31
2134,HUTT71
2135,TOMT2J
2136,BEIW31
2137,SUND41
2138,BAGP2J
2139,LAIR1D
2140,BRWA4D
2141,SGRO21
2142,FOYE2J
2143,CRUA2Q
2144,ELST11
2145,FECK41
2146,CONQ11
2147,INRU1Q
2148,FETT4Q
2149,GIFF3A
2150,BLCW3-
2151,HUER4-
2152,onshore converter platform LV
2153,AMUL1E
2154,KINT3-
2155,COUS4-
2156,BURW11
2157,BROR1-
2158,EASO4B
2159,SGRX22
2160,QUOI1Q
2161,TUMM4-
2162,ALVE41
2163,MAGA21
2164,DUNG21
2165,REDS3-
2166,FASI1-
2167,ARNI1J
2168,THUS1L
2169,SSAW32
2170,Offshore AC Platform HV
2171,CREB22
2172,TODP61
2173,WMEL12
2174,COGL4-
2175,DBCW64
2176,GARB1Q
2177,LACK41
2178,WDSO12
2179,CREB42
2180,THUR2A
2181,ORRI1T
2182,NEIL1-
2183,LAMF3-
2184,KIOR1R
2185,ARDK3K
2186,RACO22
2187,NEIL2-
2188,LAMB4T
2189,CRYR31
2190,PENI4A
2191,ROCH21
2192,WHTB1T
2193,LINO12
2194,VIKE3K
2195,LINM1R
2196,WDSO11
2197,SELL13
2198,DUNO1Q
2199,DYCE1Q
2200,DUDH3-
2201,TONG1R
2202,BRST42
2203,COVE11
2204,FERR11
2205,FALL4-
2206,KIER3-
2207,Onshore 220Kv-2
2208,EKIS3A
2209,BEIN11
2210,onshore converter station LV
2211,GRAI11
2212,ARNI1Q
2213,FFES21
2214,FECK21
2215,STOB41
2216,SMEA2-
2217,STHA4A
2218,HIGM21
2219,LOCL1Q
2220,WHLL3-
2221,TADT2B
2222,HUNE42
2223,BLLX3-
2224,FWIL3-
2225,FIDD3-
2226,MAHI2-
2227,HOWW6F
2228,BEAU1R
2229,BRAI11
2230,DBBW31
2231,KINT1U
2232,GIFF2Q
2233,ARMA1-
2234,PEHS5-
2235,DENN2-
2236,FOUX41
2237,THOW32
2238,LYND1R
2239,BLKS3-
2240,WYLA42
2241,BOLN11
2242,BARK21
2243,NNGO21
2244,DYCE1U
2245,HOWW2F
2246,CHSI11
2247,GANW32
2248,KEAD4C
2249,RORE11
2250,CREA1-
2251,EKIL2S
2252,CREB21
2253,SHEE11
2254,WYLF42
2255,CARR42
2256,COAL1-
2257,REJO2B
2258,ECCF1J
2259,LEGA4A
2260,NORM11
2261,RAMW3B
2262,DEWP2R
2263,SSBW31
2264,RATS11
2265,CRDH1K
2266,DEVM4-
2267,NECU1B
2268,YELL1M
2269,INVR1-
2270,EXET41
2271,PENN11
2272,KILW1R
2273,KINT1B
2274,AIKE3B
2275,FERO1-
2276,THOM42
2277,KINM2C
2278,WYLF11
2279,LEGO1Q
2280,KEIT2R
2281,COUS41
2282,DUBE4A
2283,ORMO11
2284,TUMM1K
2285,SGRW62
2286,KILW3-
2287,CUPA1R
2288,MORO22
2289,ALVE11
2290,GANW11
2291,KYPE3A
2292,BIRK11
2293,ANSU2-
2294,WATS21
2295,LETH1-
2296,NEAR2R
2297,WERW32
2298,MYBS3M
2299,WHSO2B
2300,GILB1L
2301,OBST4A
2302,DENS1R
2303,OWFD6-
2304,GLNI3-
2305,MONF2A
2306,KNOC1J
2307,STAH4B
2308,CORI3-
2309,PEHE1-
2310,STRL3R
2311,DENN1-
2312,RAYL41
2313,TEIN3-
2314,BEDD21
2315,GALN1Q
2316,MOWE62
2317,TARL1Q
2318,DBCW61
2319,LINM1Q
2320,WISH3-
2321,SALM1A
2322,BARK41
2323,ISLI11
2324,CLAY3-
2325,OFOA1T
2326,KENN3-
2327,REBR31
2328,GREG34
2329,NEWX4B
2330,WALX2A
2331,CAAD1R
2332,CREA3-
2333,MOWW62
2334,HAWP4A
2335,FETT3S
2336,STRI3-
2337,COGL4K
2338,HURS1C
2339,EARR31
2340,WADW32
2341,KILT2R
2342,WOHI3-
2343,HUNN2B
2344,AREC3B
2345,TONG5-
2346,HOWW2A
2347,WILE41
2348,Offshore 220Kv-1
2349,COYL1-
2350,FAUG1N
2351,SLKB1K
2352,KIRK2A
2353,PYLE11
2354,BOAG1P
2355,CAPE4A
2356,KENN1-
2357,GRSA21
2358,BROR4B
2359,CNBH3-
2360,DEAN1Q
2361,TOTT23
2362,KIRK11
2363,MILS3J
2364,BRLE14
2365,OSBA42
2366,ERRO1J
2367,TODP21
2368,CLYM4-
2369,TILB13
2370,STWB4R
2371,FROD21
2372,TRAW41
2373,MARH4B
2374,CREB2A
2375,INNE1Q
2376,BRIN22
2377,ALVE42
2378,IVER61
2379,SHDM1-
2380,SALM6B
2381,ALYT2B
2382,INKE1R
2383,WILT2B
2384,INNE3-
2385,STAL4A
2386,MOFF3A
2387,DRAX11
2388,WEMA4A
2389,STHA2B
2390,CLGO2A
2391,CHIC11
2392,Onshore 400kv-1
2393,HUMR31
2394,GRIW11
2395,HUMO21
2396,KINM3A
2397,HUNN2A
2398,R4_2 (Offshore DC Substation)
2399,GRAN61
2400,THAW12
2401,BRLE1B
2402,DENN4-
2403,MYBS3J
2404,THTO42
2405,SWAN4A
2406,GLGL3-
2407,CRSS2D
2408,DRAK11
2409,THOM41
2410,BLKL3A
2411,EARR21
2412,BRWA4B
2413,LUIC1Q
2414,SWAN12
2415,NEDE4K
2416,NANT5-
2417,KERG1B
2418,CELL11
2419,MILW1S
2420,BLHI2K
2421,WIMB2A
2422,STOB11
2423,KILG2-
2424,SPIT1K
2425,LOAN2R
2426,MUAI1-
2427,GGON12
2428,FWIL1Q
2429,GREG3A
2430,NECU2-
2431,WEAV71
2432,COYT1T
2433,FIDD1B
2434,DRCR1Q
2435,FINS2A
2436,HUMW31
2437,MILL42
2438,LOVE41
2439,INGA4K
2440,DBBW33
2441,MONF4A
2442,HAWI1-
2443,OCKH21
2444,SALH21
2445,KEMS41
2446,SJOW12
2447,STOC1-
2448,GREM3-
2449,HAKB1-
2450,STEN11
2451,HARM61
2452,LOCL1R
2453,AREC3A
2454,RAYM11
2455,KILL41
2456,BETH1C
2457,TOTT2B
2458,PENN21
2459,BEAT41
2460,PORA1T
2461,LALE31
2462,CLSO3-
2463,NPIC1-
2464,CRAI1P
2465,Offshore 66kV LV
2466,DESA3-
2467,COTT42
2468,HOWW6D
2469,ERSK3-
2470,MYBS1Q
2471,RORE31
2472,BROC3-
2473,NURS41
2474,LOCB1K
2475,KINO41
2476,ECLA41
2477,ELGI1M
2478,CHAS2R
2479,DBDW61
2480,KILG3B
2481,CHAR1S
2482,SFEG1T
2483,GWAW32
2484,CUMW3-
2485,NECU1C
2486,WHAM41
2487,BRID1Q
2488,HURS1B
2489,RAMW11
2490,BISW11
2491,WISD41
2492,RATS41
2493,SLOY1C
2494,MILC3-
2495,WLEX3A
2496,HUNN2D
2497,WFIB2-
2498,DONO3A
2499,SLOY1M
2500,DORE11
2501,MELK2B
2502,NNGO41
2503,RICH41
2504,LITT11
2505,GREG3B
2506,NEIL4Q
2507,ACHR1R
2508,PEWO2D
2509,HAHA3-
2510,ELVA3A
2511,KEOO5-
2512,Offshore 275kV-2
2513,BOAG1Q
2514,NECT4B
2515,MIDD42
2516,GWYO11
2517,Onshore 66 kV HV
2518,WOWE42
2519,YELL1N
2520,COAT2R
2521,CRSS2C
2522,EASO4A
2523,CARR11
2524,CORI1Q
2525,ERRO5J
2526,CUMH3-
2527,TILB42
2528,CRYR1A
2529,CHAR1R
2530,CLAU1-
2531,BREE1-
2532,NOKY1-
2533,HAMH2A
2534,HOWW2B
2535,ALDW21
2536,CAMA12
2537,MYBS1S
2538,SHIN1-
2539,RORW11
2540,INVB2B
2541,BEAU1Q
2542,TOTT2A
2543,WMEL21
2544,BEDD23
2545,KERG1P
2546,INWI1R
2547,MUAI3B
2548,RYHA4B
2549,DUDH1R
2550,TEAL2S
2551,IRON41
2552,DBDW64
2553,RYEH13
2554,PUDM41
2555,MOFF3-
2556,GLNU1-
2557,EARR22
2558,PENT41
2559,TELR1Q
2560,DOUN41
2561,NEDE2J
2562,BRFO12
2563,KAIM3B
2564,INNE1R
2565,KILO1-
2566,HLND1-
2567,MILC1R
2568,KINC2-
2569,LOAW11
2570,CLOI1-
2571,CEAN5-
2572,BLKL1A
2573,EASO41
2574,DUMF3B
2575,SGRX21
2576,SIZE1B
2577,CLGO3-
2578,GLMU3-
2579,INVE1J
2580,LOCL1T
2581,GARE1T
2582,COWL12
2583,BLHI4R
2584,NURS11
2585,WHIB1H
2586,ALNE1Q
2587,BRLE11
2588,EKIS3B
2589,SACO1Q
2590,STRB2-
2591,GWBW31
2592,COUS42
2593,PEWO4B
2594,TARL1R
2595,PENN4B
2596,PEMB11
2597,BAGB21
2598,WIMB21
2599,MONF41
2600,CORI3J
2601,LING1Q
2602,DOUN2-
2603,BRFO42
2604,MOSH5J
2605,WIEN2B
2606,Offshore 220kV-2
2607,FAUG1M
2608,ARDK1-
2609,LEGO1R
2610,DWEX3-
2611,KEAD11
2612,NFLE11
2613,WHAM4B
2614,COWT2A
2615,CHSI21
2616,WHSO2A
2617,CRSS2B
2618,PENM4A
2619,MONF21
2620,WHIB1E
2621,GWBW12
2622,Onshore 132 kV HV
2623,THUS3-
2624,NEOF40
2625,THTO44
2626,STWB4Q
2627,ORRI5-
2628,GLRO3B
2629,BRWA2A
2630,CHTE12
2631,KINM2B
2632,COYL3-
2633,SALM1B
2634,NHYD2B
2635,LAGA41
2636,CYGN3-
2637,WDSO42
2638,NORM1A
2639,PENT11
2640,ABED1-
2641,HACK61
2642,HARE3A
2643,DBCW63
2644,SALM1D
2645,CLUN5K
2646,WLEE3C
2647,TOTT24
2648,HARG41
2649,RYHA4A
2650,LEVE3-
2651,KILG3C
2652,WALH41
